Username,Total_Games_January,Min_RATING_January,Max_RATING_January
Javierooon,17,0,0
araberingin,142,0,0
samolga,30,0,0
Artor197,45,0,0
Fouxxx,43,0,0
AndromedaN7,143,0,0
Akbuck99,160,0,0
sergey2710,51,0,0
MD_2004,16,0,0
teolego,119,0,0
Metand,79,0,0
Markin_IS,39,0,0
Addie20,21,0,0
nelsonnetru,154,0,0
tahirsaeedmalghani,21,0,0
Jenifer_Holland,27,0,0
narmadha6464,26,0,0
mymoef,196,0,0
Ahmedelzeny22,260,0,0
GIBBOE,44,0,0
enveri02,64,0,0
Titan-Ritter,59,0,0
saidazari,51,0,0
ElguerrerodeDios,128,0,0
epurgin,72,0,0
sypai1337,16,0,0
mehmetmazaz,96,0,0
FuxiGame38,17,0,0
abood40658,58,0,0
Prash12345,17,0,0
FocusOnGrowth,15,0,0
Pfalzstrike,121,0,0
zheng101,19,0,0
oleg-nikolaich,45,0,0
DeepThinking2024,22,0,0
MuhGamz05,89,0,0
mashar123,63,0,0
MDG121,112,0,0
lothbrok90,116,0,0
pedefeija0,68,0,0
MOHAMED_ASAD,131,0,0
Sirius2414,108,0,0
lightofsai,16,0,0
albforn,125,0,0
AVICENNA14,32,0,0
rtrathi,57,0,0
Mordecai69,18,0,0
joaquinoccelli,87,0,0
Raymundojames,26,0,0
AuInTheStars,30,0,0
ucjoykov,15,0,0
jazzve,42,0,0
ScionRoci,63,0,0
suru1305,32,0,0
aldoQm,367,0,0
viyyaput,176,0,0
raj_india,29,0,0
Tonton61,27,0,0
Superpikko,29,0,0
OndarAyush,26,0,0
TRUJohn,33,0,0
Cuerpodeldeseo,163,0,0
SasHa831,22,0,0
hbsrn,17,0,0
trafiljarlaw98,29,0,0
sorry_poutet,346,0,0
whyareall,57,0,0
vmsonagara,55,0,0
Corsola31,65,0,0
narkoz7878,31,0,0
GrandpaWorm,54,0,0
LOThfi77,69,0,0
el_szach_pol,324,0,0
SHEE3ESH,44,0,0
bilgeoyuncu,60,0,0
FireVampire1616,19,0,0
Light_weight_baby,84,0,0
Van1GOGA,59,0,0
Omar-essam-elsayed,75,0,0
DeadEyeTny,255,0,0
Peivus,18,0,0
abdelazezmohamed,131,0,0
juanpibe,15,0,0
DarkMasterTTV,26,0,0
Michael-Rojas_17,29,0,0
alexcheese92,25,0,0
Mustahim2016,62,0,0
Zajel,142,0,0
NickSalonica,24,0,0
lgps777,131,0,0
MelLelessa,66,0,0
CValentin,162,0,0
slimoriginalmixer,22,0,0
thomaslastra334257,36,0,0
Nasser95,296,0,0
greedwins,19,0,0
maysarasoliman,54,0,0
jotacebh,57,0,0
Alexander1978A,76,0,0
monstercofee,116,0,0
AryanIqbal,69,0,0
vizagbishop,51,0,0
Lev23082016,29,0,0
scal38,19,0,0
Laubsaege,38,0,0
kalikkk,30,0,0
ramrev,163,0,0
sult3,25,0,0
leb140,221,0,0
Laloglu,64,0,0
Ergo_CV,95,0,0
Viktor_Korets,35,0,0
Olopsky,247,0,0
PopersPotato,19,0,0
taha_69,15,0,0
EchessS19,127,0,0
fab2222,48,0,0
marcelqwe,20,0,0
Muhammad_fesher,16,0,0
EMREMR2,33,0,0
skj78,49,0,0
polool,28,0,0
RoKafka,145,0,0
DavidBezak,62,0,0
davodMardanpour,19,0,0
stdanieloh,26,0,0
Mari0413,18,0,0
musdogan,333,0,0
JedMatthewDoroteo,141,0,0
UDESTA,70,0,0
Stranger9,285,0,0
pieroldo1,166,0,0
coaresde,36,0,0
feki86,56,0,0
titan00,20,0,0
Crisabi,40,0,0
Gaetano-30,161,0,0
jojoschessadventure,27,0,0
Ruennis2000,144,0,0
bedirhanAttak,15,0,0
Fredi_Mathews,17,0,0
AsyaGurge,18,0,0
Andre03-05,54,0,0
ShennSui,47,0,0
mereyyyy,21,0,0
Devyatiy,26,0,0
Saarcs,73,0,0
schachmatt3s,29,0,0
sandisd,20,0,0
enomis1986,19,0,0
berkay333,36,0,0
UVOGIN72,26,0,0
muratti2004,25,0,0
romaniamiric,21,0,0
francastillo92,22,0,0
Adrina_1,22,0,0
vrkau20,401,0,0
RHPerez,50,0,0
MrPoGlamrock,56,0,0
OBITOzx,16,0,0
anmol2012,25,0,0
Queenjiger,61,0,0
JoJoaGoGo,16,0,0
Jayhawk2112,18,0,0
dtchen11,318,0,0
Cherouny,15,0,0
Appy_13,25,0,0
Director555,55,0,0
MarcelDavydov,24,0,0
MMFlores,17,0,0
Aravi02,143,0,0
cndk521,49,0,0
kurinz,152,0,0
BreakcoreScandi,16,0,0
CharlieUnknown,63,0,0
martinchess123,38,0,0
forester4,33,0,0
Arwane,202,0,0
JonasGedeminas,221,0,0
vasf982,78,0,0
kraks,59,0,0
chandu450,154,0,0
luis8730,34,0,0
GoldKorean,65,0,0
ivannotalone,571,0,0
Denkstrum,15,0,0
Riddhi292015,26,0,0
tarasdankiv,34,0,0
went_31,18,0,0
losing_on_time,26,0,0
shubham13031995,19,0,0
Koko811,292,0,0
contra_58,38,0,0
SBCannon,46,0,0
fullcasual,22,0,0
CrazyBongoMonkey,27,0,0
vancho1966,184,0,0
chiccoderiso,274,0,0
GhostofPlymouth,82,0,0
MotherSuspiriorum,17,0,0
allenthompson327,17,0,0
khateebGm,59,0,0
Medardo32,101,0,0
ali_rabiya,69,0,0
Blesso1991,19,0,0
Bon_Wentura,27,0,0
peter_za,68,0,0
iNazarov,15,0,0
SvetlanaUrievna,50,0,0
tjaiaatheshkumar,44,0,0
algolix,26,0,0
josedpunk,206,0,0
Survivor7149,30,0,0
sasiprady,131,0,0
n8kikinacho,24,0,0
lordboron,115,0,0
RamiNabil,42,0,0
h3ndo02,69,0,0
AndrosovaN,59,0,0
JackThePirate,133,0,0
crout0ns,72,0,0
cannon55,171,0,0
kuroshjs,85,0,0
roykisho,23,0,0
DavSar,20,0,0
Ansarov,21,0,0
hch0,59,0,0
VALERYTRAM77,109,0,0
ahook,150,0,0
Fantheo,23,0,0
faridouvich,117,0,0
omar_khaleel,26,0,0
Ayo_Ade,199,0,0
arjun2013_2212,17,0,0
discovery58,118,0,0
Fardaan,105,0,0
jbg888,97,0,0
Gleb_Chernyshov,33,0,0
obertaas,20,0,0
Manu12100,151,0,0
pronint,44,0,0
JULIAN_11,28,0,0
Olay_nik,58,0,0
Ozgus,17,0,0
beutel069,134,0,0
geppodox,38,0,0
aboba228a,29,0,0
kpav,24,0,0
RamizJ,17,0,0
csticknair,69,0,0
Sch-Ach,18,0,0
Skilyr,41,0,0
reskelf,38,0,0
Mazziiiii,56,0,0
Kushakov07,151,0,0
tyrantlariat,111,0,0
Ewsei,22,0,0
strakh,31,0,0
KiberMark,40,0,0
Lemi993,51,0,0
angelikapikels,265,0,0
rush_Leak,198,0,0
douby25,15,0,0
mackie_majcher,16,0,0
Meisenmann84,100,0,0
bvv54,413,0,0
tonymaher6734,21,0,0
junliang888,18,0,0
sharefshehab,269,0,0
JuniorPicui,75,0,0
minor_magnus,37,0,0
merdogann,86,0,0
Mhmh1,40,0,0
DmytroHecha,16,0,0
kavyajain15,28,0,0
eantag11,15,0,0
Navadeepkca,62,0,0
N-a-1-l-u-j,31,0,0
Jean-charlesM,57,0,0
Nie_bij,86,0,0
silvv,26,0,0
sreedev2003,68,0,0
ManojhKumaar,207,0,0
Dmitriy0050,65,0,0
sadmario0,70,0,0
RazWin,15,0,0
BeliPrashak,47,0,0
vluthy,27,0,0
Mrtzgn34,23,0,0
muhammedgkgz,189,0,0
Moke1212,441,0,0
system25,33,0,0
tansanp,22,0,0
Iamnoob_lol,50,0,0
lindefaber8a,18,0,0
kelad950,21,0,0
Ashwin_23,120,0,0
omidkade,99,0,0
Maria237,35,0,0
Nchimh,132,0,0
Oleg125164,110,0,0
Melmason15,15,0,0
XXXRickTrick,39,0,0
LANocheTR1ST3,85,0,0
Arjunsmaster,19,0,0
shubhamsoni28,57,0,0
xXBaksaXx,24,0,0
mmkkop,20,0,0
tar1973,34,0,0
salah65,27,0,0
dirtyrabbit,47,0,0
theberk11,111,0,0
blinkeedotcom,25,0,0
Dang_PercasiBanjar,132,0,0
Karan_Arora096,27,0,0
Hero-1,19,0,0
sh1ngen,42,0,0
MrSoySauce,142,0,0
robert2501,79,0,0
rmitnick2,27,0,0
Thedarkinc,24,0,0
fedeians,28,0,0
Nezami313,20,0,0
s_chesstod,151,0,0
unautremonde,529,0,0
jrmostal,166,0,0
VcheckMet,22,0,0
saeidmd,254,0,0
waltfer68,40,0,0
matnico2022,42,0,0
stone96,53,0,0
Abalyan-Y-S,19,0,0
Phat20012014,32,0,0
olympique111,48,0,0
IamChessNoobie,23,0,0
Markimoo_Of_Chess,113,0,0
futobolond,18,0,0
xKANZAKIx,163,0,0
Larocaperu25,65,0,0
Caesar-Clown,26,0,0
Caman18,33,0,0
taliban_i,15,0,0
niccelson,57,0,0
marmew,28,0,0
diversant11,92,0,0
Kkill,22,0,0
edicla,24,0,0
Ronald_08,64,0,0
h2onoso,40,0,0
sword_42,26,0,0
kilka228,65,0,0
Walkru,23,0,0
TimKoike,39,0,0
AbylayKhan_437,122,0,0
Yasir_Champ,17,0,0
cola1000elo,94,0,0
KANWAL,48,0,0
IlijaBjelanovic11,41,0,0
pianisimo,69,0,0
angelluisss,96,0,0
Kishorekk326,15,0,0
radouanebouhafara,176,0,0
VicKing82,94,0,0
CESY2424,216,0,0
IgorStimac,160,0,0
niveashwin,150,0,0
Neronia,15,0,0
sengalan,244,0,0
ostapovich02,51,0,0
XxDiCaprioxX,15,0,0
Retro61,148,0,0
kimngan23,96,0,0
Ciequ40,283,0,0
Javiermr,22,0,0
manhunts,53,0,0
Waleed_Osama,18,0,0
IGNISonFIRE,98,0,0
HisJazziness,24,0,0
adrian-mondal,32,0,0
Dujiaqi171028,41,0,0
ShivaNamaskar,19,0,0
dayk3l,34,0,0
pawnbroker86,70,0,0
caio777,38,0,0
kaviaras,124,0,0
jonvallet,104,0,0
shilirzouga1970,26,0,0
AnThOnYrHn,934,0,0
kheiri8032,147,0,0
Danilka_0,138,0,0
yogamrutam,62,0,0
Thumtact,42,0,0
nurulafiqah6,135,0,0
Rau_D_Guerrero,19,0,0
Bluebloodz,52,0,0
FloX21,47,0,0
marommizc,26,0,0
Opey99,29,0,0
Abolist,97,0,0
Nazar_17San-17,51,0,0
lavender_chess,56,0,0
Ecevit21,557,0,0
brandonwits1,25,0,0
ilyautkin,28,0,0
agniva_rc,16,0,0
Auunomyquuen,182,0,0
Xigalo-chess1987,44,0,0
appleden,87,0,0
GAGIK_JAN,24,0,0
Berschrek_2,22,0,0
nicapol64,171,0,0
Byapacak,168,0,0
xin_shin_huang,36,0,0
sapeca,31,0,0
amateurchess39,18,0,0
Chessfan14344,36,0,0
yousef_syria,47,0,0
tranduclam2311,114,0,0
ramza_lugria,29,0,0
PN739,19,0,0
SorryForDeath,57,0,0
sehnecat,275,0,0
AIMkosic,33,0,0
lazyhak,375,0,0
Vara81,16,0,0
Held_des_Abends,28,0,0
Lera2008,31,0,0
Bennitos,96,0,0
Khan05178,116,0,0
Griff_Oberwald,24,0,0
Fructuar,18,0,0
Tesla_Supreme,15,0,0
heilman,38,0,0
ringodjango,15,0,0
xudoyberdiyevn,15,0,0
ahmad_noaman,116,0,0
PEON-NEGRO8,19,0,0
rahman4343,26,0,0
vhmehlem,269,0,0
marcoderrik200,31,0,0
Gerakl898,110,0,0
dong0819,447,0,0
Md7zz7,19,0,0
Shivam_Luthra,17,0,0
Salvatorem,57,0,0
Manaspajo,40,0,0
LEGClaudio,16,0,0
Mariana_Saganova,15,0,0
jiyul0905,75,0,0
Mamperez,40,0,0
CERGEI-1955,127,0,0
ValentinKchachatur,140,0,0
Lucasbao,62,0,0
bhonbhon6,20,0,0
Thewolf91,25,0,0
Opachess,179,0,0
a7medshatrangawy2,57,0,0
velcome,36,0,0
tufantuncer,192,0,0
Praveen_Karaikudi,31,0,0
SwinG_PlayZZ,27,0,0
deepme_987,41,0,0
y0xxi,15,0,0
Conanbritto,50,0,0
eriklcb,21,0,0
sjaydenemmanuel,22,0,0
herhuy,57,0,0
kekcik00,39,0,0
alf987654,274,0,0
ArmaganC1,88,0,0
EV-NguyenE,25,0,0
amirabbas1387,31,0,0
vitaliilg,53,0,0
Nikolacha,193,0,0
gogoinityananda,34,0,0
Drafter9,168,0,0
salemkhili,71,0,0
cristian69420,64,0,0
Gclax21,15,0,0
shanvanvocht,35,0,0
raven68130,114,0,0
nikita23121992,165,0,0
Agha416,35,0,0
JkbMvka,22,0,0
Murzin_Volodar22,35,0,0
CuthB,84,0,0
Its_Berserkin_time,51,0,0
samchess321,30,0,0
Nonacs19Obgayuc900,268,0,0
Aleks_Medve19,20,0,0
temapot,26,0,0
mdayubali,210,0,0
Chess_hack818,164,0,0
Andrii_Zaporizhya,96,0,0
Almofaddinhas,192,0,0
semsare,20,0,0
jamesraychess66,103,0,0
ItsmeMeil,90,0,0
potrex,185,0,0
danbueno2,33,0,0
jajajajoakinito,28,0,0
Mathilde15,16,0,0
SnnNad,92,0,0
Alex210388,49,0,0
joy_man03,29,0,0
Ivan_Alekseev_2014,55,0,0
Dambya,123,0,0
Pondani,68,0,0
amolrj,34,0,0
arslanwaheed,123,0,0
Melkfett,39,0,0
Ziganok,53,0,0
Linkoko,22,0,0
Kot124,54,0,0
Piomalossol,48,0,0
oleg34355,304,0,0
yanglaobao,25,0,0
MonkeyGi,31,0,0
theRapidMonster,23,0,0
Annakeen,115,0,0
maximvlad35,31,0,0
Shining_star_2009,16,0,0
edu_Minato369,54,0,0
magnuschess12345,32,0,0
Kakanfo,21,0,0
marwannagy,18,0,0
JosefNiehe,88,0,0
Jakoba42,55,0,0
kailash9556,145,0,0
murilosheeshC,27,0,0
advikabs,48,0,0
Ribaldissimo,44,0,0
KGeorgi,23,0,0
rafalmeida2,163,0,0
Squasher18,15,0,0
BigAngryTurtle,22,0,0
Neha2010,64,0,0
seafox1806,37,0,0
Dex_btw,23,0,0
learn_chess,46,0,0
Rk_143,117,0,0
chessvetal,61,0,0
troll_tactics,24,0,0
AVM68,139,0,0
AndyMc90,79,0,0
Tatkin_Ilia,157,0,0
FFH-KZ,142,0,0
yslam_isanov0,21,0,0
Singh10Ishan,35,0,0
nicknameinuse,91,0,0
shahjigar81,434,0,0
Den4ik_Pirat,133,0,0
rennito,34,0,0
luillli,36,0,0
scacchinrete,45,0,0
suyashpanwar22,51,0,0
Li_MUSh1,18,0,0
godzilla10,48,0,0
rebill,157,0,0
muhammadnaiimnaufal,147,0,0
MahithGujju,52,0,0
aperdomo003,177,0,0
quico1957,229,0,0
zenithaoe,30,0,0
asildsaiojldsaijldla,48,0,0
makerich,53,0,0
i1ysh,24,0,0
Dominacja,101,0,0
BASIL123123,37,0,0
Andrii_Shadura,28,0,0
Kaanerturk1,16,0,0
worolga,20,0,0
SirVono,22,0,0
Covuaaz,45,0,0
SamvelPrutyan1970,26,0,0
Giuspirock,171,0,0
kingSubject,43,0,0
alizamanjutt,148,0,0
Pambazofrito,155,0,0
LuisOmarMontoyaArias,15,0,0
Binara_MC,40,0,0
marcoudin4,16,0,0
mehdikhalesi,35,0,0
Przemekdi,93,0,0
ChretienCathal,134,0,0
AsvnJesusahayam,79,0,0
eburak1,54,0,0
islam551995,107,0,0
chess131969,31,0,0
GianFranco14qr,25,0,0
felipemattion,16,0,0
Namibiandragon,38,0,0
chellic22450,17,0,0
Hossein_king13,123,0,0
Neilrocks,16,0,0
Seneca76,126,0,0
ShreyanMookerjee1997,194,0,0
Sire_Johnny,69,0,0
Marcin09,20,0,0
Vaisannya2010,35,0,0
JabberWokc,291,0,0
BikTim17,52,0,0
Raksoski,83,0,0
lorantto,15,0,0
saanvi_suhas,15,0,0
mooninjune,69,0,0
Amirhossen1401,48,0,0
curiousgeorge12354,38,0,0
lokicraft_forever,21,0,0
ligss,34,0,0
tstoeger,21,0,0
Poriadin1974,27,0,0
vincentchess2020,44,0,0
bubipasca,23,0,0
tatar_kirill,15,0,0
HELLRHYTHM,171,0,0
Sadft,34,0,0
westlviv,29,0,0
Rio310897,51,0,0
yakare25,22,0,0
dolap23,231,0,0
calut,39,0,0
sscasper,87,0,0
Carlson456,96,0,0
the12gems,19,0,0
ammanez,83,0,0
vasileernu,20,0,0
shiven09,25,0,0
kinokita,43,0,0
Roman1817,49,0,0
ozymandias369,29,0,0
thelastthm1,262,0,0
sir_emk,33,0,0
Michal113,32,0,0
karimov1981,179,0,0
Lush_dy,31,0,0
Anni_Helena,28,0,0
toductuan154,42,0,0
rekonek,397,0,0
KajalKawale,152,0,0
Salvatorecigna,54,0,0
Basket360,18,0,0
panos79,54,0,0
Crosschecklondon,64,0,0
domanov479,19,0,0
lima03,48,0,0
dexterr1905,33,0,0
ValeryYakimov1,147,0,0
Alidore,578,0,0
jey0,30,0,0
Stanman22,47,0,0
Elgendy2003,32,0,0
Magdyahmed2016,23,0,0
Nicolai_legkih,60,0,0
Gopinathan_Selvaraj,284,0,0
Bivl1337,102,0,0
Guicoinche,29,0,0
Chess_Monk90,119,0,0
HamidForootan,117,0,0
Hostum,44,0,0
liche430,52,0,0
zmey-777,16,0,0
Pavlo63,506,0,0
Budhaghoda,38,0,0
ZhumaTT,25,0,0
Depredadorxxx,110,0,0
I29w4,72,0,0
DebKGP,15,0,0
Calaghan,36,0,0
OMAR_e4e3,22,0,0
Fidowski,96,0,0
notkikki,18,0,0
dkozhin,25,0,0
HugoSan1207,55,0,0
SpartacusPicenus,197,0,0
Levi_90,216,0,0
JC_SANDI,99,0,0
pellines,54,0,0
dreeForce,44,0,0
alelbalel,68,0,0
ayushkov,23,0,0
PedroHenrique3012,16,0,0
georgeboulos,201,0,0
Luca_Torelli,288,0,0
Lappi4711,367,0,0
TemaGolder,33,0,0
NarodiskyModel,201,0,0
Cembiner1250,44,0,0
Hrithikesh_Cb,31,0,0
Moobin,19,0,0
AACtrl,19,0,0
MNMNGH,21,0,0
flasek33,334,0,0
Aydarrrrrrr,22,0,0
Zubov_Aleksey,20,0,0
nabilfahmy5757nabilf,16,0,0
Gintama3232L,71,0,0
Jupiter1998,199,0,0
tahadidar94,42,0,0
AlMel2003,41,0,0
Error308,38,0,0
wlad_2609067,148,0,0
profi84,184,0,0
Victso,23,0,0
milatin,21,0,0
dhruvbansal1502,166,0,0
l0bster85,18,0,0
ghitics,61,0,0
Divyam07dev,18,0,0
Bynner,106,0,0
Jiuu,91,0,0
erdemsahin12,32,0,0
Naser12,98,0,0
cesetsiken,21,0,0
anishsun,123,0,0
clasik,20,0,0
JJoker_1,43,0,0
romulusaugustul,22,0,0
khalid12264,64,0,0
Neff98,30,0,0
nandofer,63,0,0
mosiomohsen,74,0,0
Yan_pomnit_vse,162,0,0
bart123,420,0,0
alitav_1344,34,0,0
Gh-Tajari,62,0,0
slavchanskiy,17,0,0
Andrey056,151,0,0
baongochd,19,0,0
temirr,22,0,0
misha88v,125,0,0
MateoQuezada_PM,30,0,0
lucasni2121,17,0,0
RazdolPrivolin1980,90,0,0
qihhh,80,0,0
PivnayaBochka,313,0,0
neeebbbbbb,72,0,0
LaSerenaChees,114,0,0
Tamerlan55,27,0,0
Maenca40,271,0,0
saeedtofighi08,46,0,0
Jhmchess,107,0,0
titinat-0309,40,0,0
ENRIQUE_VILLANUEVA,16,0,0
MarcoVS,24,0,0
lowkeysomeone,85,0,0
KVIRA2,32,0,0
nursultan9191,40,0,0
hm1994,159,0,0
WCIS-MatthewZ,34,0,0
Sofware_28,66,0,0
sushki,124,0,0
Grigory_Ok,148,0,0
IvanQ,20,0,0
RekhaYP,49,0,0
Nestor1981,116,0,0
Ladislava,21,0,0
MMXXIV,221,0,0
martinbeseda,97,0,0
sergbee,64,0,0
AbdulRahim84,26,0,0
vikassonwani,28,0,0
sergio_ua,27,0,0
zonkzeripper92,38,0,0
schachkhmoo,49,0,0
Ladanaj,31,0,0
szuseru,23,0,0
RubenTuestaOficial24,17,0,0
martvlad,52,0,0
heracrossz,86,0,0
na3215987,21,0,0
roma_smirn,63,0,0
ScottPilgrim,42,0,0
m1kamal,36,0,0
lakahl,43,0,0
KoleaGrubii,16,0,0
Igor_cheess2010,68,0,0
ADVENTYST_7,32,0,0
black_supreme,37,0,0
zamakula79,32,0,0
Joenado,18,0,0
urasgzn05,23,0,0
Zuggestalter,30,0,0
astrobiker,102,0,0
Hamster1314,63,0,0
alpjaa,43,0,0
romeozulu01,62,0,0
Filipp21,114,0,0
Nikola81959,105,0,0
saket2002,34,0,0
Yirath,28,0,0
holyphananh,29,0,0
Elgenral,19,0,0
koksivsg,145,0,0
BraveHeart3435,67,0,0
DenYa12,134,0,0
Jcbc,57,0,0
boonchewchan,15,0,0
wonderway,39,0,0
stipecuvalo06,121,0,0
mscrabble0530,54,0,0
vagif64,21,0,0
PavlovAn,34,0,0
Punse,63,0,0
sorkargg,22,0,0
luffynguyen,15,0,0
mustafaisgun,47,0,0
Foccusntrate,52,0,0
xeek102,15,0,0
mustafazahedi,28,0,0
Mahan94,43,0,0
FrenchVanilla86,79,0,0
unprasad72,65,0,0
tomzinhos,105,0,0
George1418,23,0,0
sh-k,16,0,0
Aurelius666,82,0,0
Rauf_Bikbulatov,32,0,0
MKMadking,47,0,0
Murz1Kq,56,0,0
maxsivesnt,57,0,0
Spidey_4,39,0,0
betelscn,26,0,0
ilamughil1,50,0,0
Filbli2,18,0,0
KN_Lakers,15,0,0
AS1984,91,0,0
kiljoy13,64,0,0
AlliedBarberMoose,46,0,0
alexander_piter,54,0,0
Helio_Vilchis,33,0,0
Nsangou,38,0,0
sergeyychenik,47,0,0
Shishtawy69,25,0,0
Bosterito,40,0,0
yvog,25,0,0
jhon-Arjona,18,0,0
skmohapatra55,79,0,0
Sergey3733,100,0,0
david-mimi,205,0,0
Kingontherocks,87,0,0
JuanVillarreal,257,0,0
trilogylemmon,119,0,0
EndGameIV,55,0,0
mehdi128835,135,0,0
lonewolf_44,66,0,0
hoby,115,0,0
edp2016,36,0,0
ajcguv,182,0,0
playdead9,59,0,0
Brodyaga50,39,0,0
Yaman_Haidar1,19,0,0
PhilippeJC,151,0,0
Maratvalejev,49,0,0
theislexx,23,0,0
water980,31,0,0
Argonaut71,213,0,0
ShivkumarKotian16,22,0,0
ppk16,32,0,0
soroastro,134,0,0
madrid1368,278,0,0
OLASE24,111,0,0
Bibin_Bibi89215,152,0,0
KnobKnobDunk,44,0,0
Charly12,62,0,0
Wirthman,53,0,0
vijayvalli003,29,0,0
JuanMiron,274,0,0
og_sundergarde,30,0,0
verbludwe,17,0,0
PawnByte,41,0,0
Alfred6,40,0,0
seif_salah_eldeen,35,0,0
Kasum134,20,0,0
doedoe32,21,0,0
revaz1989,23,0,0
Tanyushka83,80,0,0
lucaugusto,16,0,0
taha_kamalli,17,0,0
b2nis,314,0,0
mpou78,144,0,0
successful20,27,0,0
zug42zwang,16,0,0
Ramanradmard,21,0,0
Marlenek008,81,0,0
SOPHIAANTIPOLIS,56,0,0
MaksiM197,102,0,0
kalameev2288,40,0,0
Henock_B,20,0,0
JhonnyD07,21,0,0
angosans,90,0,0
Leopold1902,16,0,0
richardbaroi55,56,0,0
davaro365bjk,87,0,0
hamedsalem,28,0,0
mohammadrsintj,17,0,0
LudiKiller4ever,26,0,0
Shaxbot,71,0,0
Kepler75,28,0,0
Jero-yt,65,0,0
TempesT_2510,18,0,0
veechess2024,59,0,0
inakidepluton,24,0,0
P19,87,0,0
dm1trio,38,0,0
Sahasra2015,28,0,0
BekzatY,25,0,0
maged862,32,0,0
n-botond1,15,0,0
SAHYConnor,28,0,0
ratkofroberf,247,0,0
Santif04,38,0,0
ahmedt189x,91,0,0
mipslor,28,0,0
default781,29,0,0
timofei12345678,18,0,0
siperius,17,0,0
Lift-1,382,0,0
opsitsme,16,0,0
baziak,73,0,0
monolit153,17,0,0
Mokhtat_momo,15,0,0
sergey_diu,37,0,0
jnet,580,0,0
vko_slca,18,0,0
KUDATERBANG_Rote,72,0,0
Olev777,256,0,0
scorpi60,26,0,0
Acexsmacchia,61,0,0
Leaf64SQ,23,0,0
moldavo,21,0,0
chessguy9333,496,0,0
ahura_dv,20,0,0
mithun567,20,0,0
manupammar,18,0,0
Eslamsalem171,27,0,0
marcojjm,22,0,0
Messinumerouno,96,0,0
gleri13,95,0,0
vladislavkameneckyi,52,0,0
Dacoss03,56,0,0
farshad185,129,0,0
SSWalsh,26,0,0
Fulogr,17,0,0
Dieter,33,0,0
ahmedmemo165790,114,0,0
vavilinserg,459,0,0
Realkevinellis,247,0,0
Harsh3124,20,0,0
sharifiiii,17,0,0
magoomanan,38,0,0
maikolchess,31,0,0
slyjessie,41,0,0
thepawnshop1911,55,0,0
Mikel6,70,0,0
babakordi1360,930,0,0
Elena_Lena,40,0,0
fightingtheworld,21,0,0
aboude99,16,0,0
Ipek_yondem,165,0,0
WeRdChAmPiOn,22,0,0
staminc,126,0,0
Ferchichi2,527,0,0
ArhltLU3000CMS,26,0,0
mlg47,511,0,0
Maks123chess321,22,0,0
Evara659,37,0,0
andruskoNik,29,0,0
ALI-7272,22,0,0
Mike58603,71,0,0
Erickchess1111111,16,0,0
TimothyTamothy,17,0,0
tughannkahraman,18,0,0
ibrahime4e5h7,352,0,0
AboHussnN,108,0,0
GeorgiyKash,100,0,0
DerWoRekt,48,0,0
vladislav_31,34,0,0
kirbitci,320,0,0
Asiered,49,0,0
tompi2010,44,0,0
spwww111,95,0,0
Azat_666_hoth,17,0,0
Valeriy1978,407,0,0
MAPKYC,35,0,0
DenisAG,17,0,0
Maxim_Parhomenko,21,0,0
Aloshgreeny,37,0,0
AsmariteChess,26,0,0
BloodEmperor,23,0,0
josimartattoo,17,0,0
USASAmir,18,0,0
robercavi,23,0,0
Munchapawn,288,0,0
JohnG_137,16,0,0
jbrkozhaN,23,0,0
ali_askari_mahani,34,0,0
MadFeelin,15,0,0
shi-o-ver2323,27,0,0
Onur_2023,39,0,0
Florian-Frexit-UPR,18,0,0
Taranj,65,0,0
abhinavspeakss,66,0,0
TF58,84,0,0
wasufin,18,0,0
Salahor,119,0,0
AppositeDuck,21,0,0
Bad_player01011,71,0,0
Ehuez,30,0,0
sunnyyxd,89,0,0
Thane93,16,0,0
Yasemin246743,33,0,0
Luntak_lantung,30,0,0
eulthltvblbqy,18,0,0
cyryl85,46,0,0
CHRISDAA2014,18,0,0
breakmansego,61,0,0
mohamedelganzory,211,0,0
nyls7,44,0,0
MalekNahry,138,0,0
alialshanty,80,0,0
Chesterking11,19,0,0
truongdinhlam2015,19,0,0
cks8040,15,0,0
mesedian1234,19,0,0
MsoLaf,33,0,0
MBUYANE,111,0,0
Laxavz,15,0,0
sergita,89,0,0
shreyad17,125,0,0
Finnick73,15,0,0
itsDani,16,0,0
Bohemian490,54,0,0
ash303,30,0,0
ergili,55,0,0
anatoliy1951,525,0,0
unchiu56,289,0,0
EitanFarfan,28,0,0
Zent_VN,15,0,0
BR74,15,0,0
peltok,23,0,0
smeshnayalimonka,17,0,0
Dil3mma,125,0,0
No_One512,35,0,0
AxL-K,25,0,0
Diavaler,15,0,0
DrAbosaeed,101,0,0
Marco_spielt_Schach,44,0,0
ironman3512,45,0,0
thissomedude69,100,0,0
SaiSuryanshuMohanty,129,0,0
Ryryabc,15,0,0
moslem_carlsen,112,0,0
scharfschuetzer,54,0,0
Ujox00,48,0,0
killemdead21,38,0,0
V_i_l_i_k,23,0,0
arnavsw,36,0,0
DucknoproVN,32,0,0
WildBillyum,19,0,0
yazid-1200123,42,0,0
vkomissar2,27,0,0
solojuegue,38,0,0
vikeagle,26,0,0
C2309EK,15,0,0
Saadkamel,20,0,0
GIin980,49,0,0
soviettoaster,35,0,0
motaboy,295,0,0
MarcoDeBiasio,140,0,0
melog91,98,0,0
walter_bishop,22,0,0
LeoDas2012,21,0,0
yagami36,37,0,0
graf1954,52,0,0
darius-matei,21,0,0
chunyangsmkbp_pp,87,0,0
shubham_is_crazy,38,0,0
lordofdurn,34,0,0
CrazyDuck66,57,0,0
mrblonde96,40,0,0
SAITAMAPUUUUUUNCH,33,0,0
Jeeva_Naga,79,0,0
Sergeylider24,81,0,0
syrio1685,15,0,0
PaulBerghaeuser,25,0,0
arta3,27,0,0
Nadir_La,16,0,0
BearsBeetsBishops,32,0,0
sadanandmahajan,73,0,0
tdudognon,59,0,0
hamismahmood,47,0,0
hbb,42,0,0
YarTemnyi,60,0,0
carmooo,68,0,0
shauryazadoo,25,0,0
johnmc76,219,0,0
Yellow9046,19,0,0
mijex1,27,0,0
Tokmowo,31,0,0
geebee1980,45,0,0
Madhatter83,125,0,0
Olga31,47,0,0
AMULYAGANGULA,50,0,0
lenin234,137,0,0
pkaushik,249,0,0
aliAK10,26,0,0
shavinanuda,40,0,0
blackidentity,24,0,0
Lesha2207,59,0,0
kenken6r,17,0,0
shapa57,96,0,0
LazyKnights,16,0,0
sehmusalev,46,0,0
Peleus0,29,0,0
OzgurAtes12,25,0,0
Yugi25,15,0,0
SWST032,17,0,0
klement123,202,0,0
Teamficsi,45,0,0
AgethorJeremy08,325,0,0
mosaadelkhayat,18,0,0
siniybober,29,0,0
bkv9585,35,0,0
Dai_Shan,20,0,0
david_eydinov,87,0,0
wanaaaa,59,0,0
peonresabiado,32,0,0
Shadi4303,82,0,0
francisc8,129,0,0
osamaeltedawy22,16,0,0
Vic_8,32,0,0
Ferravix,179,0,0
OBL_tun07,15,0,0
Heshan2389,69,0,0
warsawmckenzie,21,0,0
Jay_Jay_974,49,0,0
Quasiblub,52,0,0
Pampam0,29,0,0
showtc,23,0,0
MonsieurPopo,60,0,0
PabloCarnival,57,0,0
Rina-savio-2213,89,0,0
Bolatovemir,19,0,0
ivandeonce,28,0,0
architecton66,15,0,0
DiacoMad,22,0,0
sarvan_2004,36,0,0
Fueyista,121,0,0
B0ssNinuio,198,0,0
seyyidbucak,17,0,0
Evdamen24,907,0,0
ysfgoktug,22,0,0
sanvichanila,44,0,0
VSrivastava,235,0,0
tumpasarkarparthaS,88,0,0
zenmuffin,27,0,0
chern1y,22,0,0
Dr_Livesey_78,20,0,0
mohamed_yahia,129,0,0
Ezequiel_1984,131,0,0
bungwung,121,0,0
Jasper_Jia,19,0,0
Big-Mason25,365,0,0
cavalga2003,142,0,0
springer8,54,0,0
sana_36,25,0,0
ryanboy1,17,0,0
tarlan2014,26,0,0
Leola10,25,0,0
AndreaMarceca,470,0,0
enzoriz,22,0,0
baskettri,52,0,0
Bojangle68,112,0,0
xigacascuda,76,0,0
Neyan,15,0,0
Saireddy708,70,0,0
HIEUNB2014,23,0,0
Konstantin_2013_13,26,0,0
Mahmoudelhalaby,60,0,0
Rajasekaran-Kanchi,46,0,0
bakkerke,161,0,0
periyasam,25,0,0
viejodinosaur,148,0,0
VictorMulila,23,0,0
solwara,23,0,0
mostafasafar71,32,0,0
Umar_Az,20,0,0
LennyTheDuck,20,0,0
Magistr1230,36,0,0
farshadafsharrad,20,0,0
thefinalbunny,35,0,0
Deyanmulya,352,0,0
Vladkuch,32,0,0
aditya_krishna17,15,0,0
Macalan,37,0,0
radmanheydari,17,0,0
Punisher8470,42,0,0
shadic_ss,27,0,0
milutin75,118,0,0
Chadurang_Vihaan,15,0,0
sumitsrana,37,0,0
XXXJAVIXXX,58,0,0
cahpauc,110,0,0
samochin,19,0,0
labasella2,15,0,0
Solomon909,23,0,0
Sancho880407,20,0,0
chubaroleg,76,0,0
pixeldesign,18,0,0
DarkDjin,22,0,0
burgundy_blue,27,0,0
dedyz_razdr,19,0,0
Kal-En,105,0,0
Schwamm9999,15,0,0
Aknnv,130,0,0
Emirhan0816,36,0,0
BatuhanzyBoguez,19,0,0
ser_erd,52,0,0
Papachi55,17,0,0
BjornMikkel,120,0,0
Adith_10,22,0,0
Ba_Bara,198,0,0
Tarak999,19,0,0
raz888,25,0,0
moaud04665,209,0,0
Danieletheone,41,0,0
zasaa,264,0,0
Polexx,120,0,0
Playboy0101,95,0,0
Bruise12,22,0,0
ochoaaaa234,152,0,0
V1llias,26,0,0
Lolspielt,30,0,0
hylorea,104,0,0
mwrimuru,54,0,0
GeorBaga,26,0,0
romankokoshko,18,0,0
Yuv1,100,0,0
Rami-Abu-Assaf,30,0,0
Kamindanibro,16,0,0
Maksim_2013,27,0,0
adwaidmj,26,0,0
AMORC_777,50,0,0
Jomagarvi,142,0,0
burakt85,216,0,0
Andrzej90,17,0,0
abhishek0713,193,0,0
dushnilaaa,329,0,0
EgorZhdanov1805,57,0,0
Timur2812,19,0,0
DianaSad,162,0,0
Tulun53,19,0,0
SamaHo,24,0,0
ZyadElsabahy,61,0,0
HPW01,23,0,0
teodor78,51,0,0
Dydax95,150,0,0
rajaiah154,104,0,0
Baga05052012,24,0,0
engj54,194,0,0
Stalker8819,102,0,0
sir7doruk_ali,39,0,0
killnow,34,0,0
VitaT,23,0,0
losgara,120,0,0
sercan-shatter,26,0,0
Deadmoroz2022,20,0,0
vohemio,28,0,0
basayus88,19,0,0
youhuubien,72,0,0
froloffand,19,0,0
Midoss,201,0,0
tbadrani,262,0,0
skanirudh,267,0,0
Essam_Abdullah,72,0,0
Unm3,32,0,0
NemoyMolchun,15,0,0
Badabums,182,0,0
upiter-2023,267,0,0
Parham_alinezhad,22,0,0
whatdislav,67,0,0
samer_1968,60,0,0
JOL-BARIS,25,0,0
Chef-Baker,30,0,0
fakir2020,441,0,0
RobertKietle,18,0,0
wying_wying,30,0,0
Leonenjaulado10,508,0,0
zazoo5713,58,0,0
eenakre,220,0,0
Infinitylife90,15,0,0
Orni77,72,0,0
bmcdekker,105,0,0
Karlheinz61,205,0,0
thojanssens1,87,0,0
irpok-25,44,0,0
Oualid_OH,19,0,0
Riyeka,15,0,0
cave_man_123,116,0,0
x2600xsavage,26,0,0
DeerHunterR6,30,0,0
Leon99321,34,0,0
Sanasalehi9191,32,0,0
ForPleasure,17,0,0
sefa189,17,0,0
Sasha3107,67,0,0
leqso223,95,0,0
manu17sip,393,0,0
sp0500,90,0,0
paktuaO,48,0,0
Ephraimolofu,33,0,0
Gjed,17,0,0
mgm2412,253,0,0
cemil13_13,26,0,0
Kleber83,30,0,0
zmbc,22,0,0
serxo1976,63,0,0
Destraim,17,0,0
lockeduprightnow,121,0,0
anatolymalanchev,73,0,0
AGordeev-2014,20,0,0
GusMattos,289,0,0
HS-BI-JankoJ,139,0,0
imanmasoom,140,0,0
Axlfis,66,0,0
ChessEtoKrutoTabby,24,0,0
salman_rashidi,103,0,0
brunkotatarko,19,0,0
Atra_Hasis,99,0,0
Lystteaspillesjakk,74,0,0
vladimir_alim,57,0,0
chessluis206,17,0,0
timachessmaster,31,0,0
razzy01,16,0,0
snehilk10,16,0,0
Gesti_kakay,21,0,0
younesmh11,52,0,0
acs1910,20,0,0
D-222,28,0,0
Rishan_Iftekhar,36,0,0
Aleksandros3,23,0,0
cecylia123,16,0,0
dria80,116,0,0
Duszek87,143,0,0
Anastasisborb,273,0,0
maiked,24,0,0
andreagarciaolivera,16,0,0
Gabel33,16,0,0
tocade,29,0,0
shevrom,29,0,0
angar2009,24,0,0
Ilya200920092009,28,0,0
stah1978,64,0,0
tristan_rc,407,0,0
Kosuke_atami,28,0,0
Ali300313,16,0,0
the_b_engine,28,0,0
EXTRAMOMO555,89,0,0
Hansilu1999,17,0,0
Mihai_Macavei,21,0,0
Ismaelfiol,133,0,0
palestine_5,28,0,0
axelen,302,0,0
TheBreakupSuite,39,0,0
Trigub_Grisha,26,0,0
Saywmenotevenclose,25,0,0
JAISK2011,28,0,0
wetincho,30,0,0
Ismail-Gh,79,0,0
mvelocity,44,0,0
TienMinh2k14,35,0,0
ski88er,58,0,0
shawky904,46,0,0
juzzino,30,0,0
B_R_I_A_N,40,0,0
RahulPasum,19,0,0
AjayIndia,49,0,0
guatrache,124,0,0
Peperragorda,171,0,0
merter434,24,0,0
az57,39,0,0
Pritam_Guchait1234,51,0,0
thebest27,55,0,0
DocRedWolf,132,0,0
RAMYYYYYY,33,0,0
zema1401,78,0,0
saravsaro,164,0,0
AlexDudda,35,0,0
Rudo555,47,0,0
de_profundiis,20,0,0
exotic_kanishk,151,0,0
El_Elefante_Solar,33,0,0
TourEiffel64,20,0,0
fenish,270,0,0
porter2014,25,0,0
simibimi,15,0,0
AbesNaskar,36,0,0
spectator3,25,0,0
lets_go_with_no_fear,17,0,0
karpov_tr,227,0,0
MCKULBIT,39,0,0
GrillPill,179,0,0
YadavAditi14GMAIL,26,0,0
flappybeingslappy,58,0,0
envrmchtcrn,39,0,0
Chelovechwk,23,0,0
John_Stu,83,0,0
Bouletnul,65,0,0
Serxo1976,123,0,0
Jm1996,48,0,0
ajayajain,25,0,0
Abowasl,32,0,0
pierce813,24,0,0
a-lrad,92,0,0
fide_arbitr,19,0,0
solus-christus,15,0,0
mgriv,277,0,0
martincho77,15,0,0
Armaanlalawat,113,0,0
Logantomas,18,0,0
aarav_0920,15,0,0
gvladislav12,17,0,0
sht1969,31,0,0
blue_amethyst,19,0,0
sureshcons,142,0,0
sava85,167,0,0
Gino_H,27,0,0
DenDenDupEeeez,18,0,0
Balerion-SLCA,34,0,0
Liminality,20,0,0
Alfons-Zitterbacke,36,0,0
Maxim5676,22,0,0
Viktor_V_10,17,0,0
cezmi1989,19,0,0
Enes176,28,0,0
jack0998,23,0,0
abbas1977,31,0,0
camun,103,0,0
OBNEDR,62,0,0
koa5000,21,0,0
Gpah6221,105,0,0
EstebanRV159,15,0,0
Arya9090,15,0,0
GaloFrito,56,0,0
Gubias,27,0,0
geat15,105,0,0
DakshChaudhary9783,157,0,0
satya991188,180,0,0
Rey_sin_cruz,157,0,0
mahdimirzazadh,41,0,0
seyco,61,0,0
rahcnog1951,50,0,0
RoboWilliams,196,0,0
anatolyefimov,26,0,0
unitywolf,50,0,0
dd2_ta,23,0,0
sethw_18,22,0,0
nltoelter,35,0,0
Sairahjose,15,0,0
Otromisterio,17,0,0
ImmortalFlame,334,0,0
MoAaZ8,30,0,0
snyser,116,0,0
vaubanos,26,0,0
tarnwiesel,22,0,0
AkoralSinan,22,0,0
Jimmass,15,0,0
Litteljellyfish,79,0,0
Porunov_Andrey,36,0,0
lele1097,43,0,0
cane008,23,0,0
KemitoSai,16,0,0
darls,23,0,0
brayo37,125,0,0
ChessyKarpyBoy,61,0,0
Neymar-2015,56,0,0
ncklazarev,23,0,0
Wolkenduft,48,0,0
dagestanchik-84,19,0,0
Dimitriy_79,48,0,0
subhash4113,47,0,0
Theoneganst,20,0,0
Offlineguru,150,0,0
by_fiko,199,0,0
chessparticl97,82,0,0
mehemmed75,30,0,0
Siegen01,295,0,0
PRINCESS_0427,18,0,0
Labbot,17,0,0
tomsky028,15,0,0
juraschess,20,0,0
alperenkilcik,23,0,0
andres2104,16,0,0
youcefashraf,55,0,0
c_ion,157,0,0
Quetzicoatl,108,0,0
teettoo,74,0,0
ohm_007,55,0,0
gococoyapisco,314,0,0
Prmdkra,45,0,0
Omar_Hewedy,20,0,0
Cagricum,94,0,0
dhhj,29,0,0
techolog76,51,0,0
Hamadi9988,44,0,0
melonGobbler69,25,0,0
CHALAGIDEON,31,0,0
marwan2007,109,0,0
master5373,25,0,0
Aleksandr_Kaban,72,0,0
Kunalkant,37,0,0
stupeflipcrew,18,0,0
mohsen12468,130,0,0
Pramod11223344,57,0,0
Capizaz,42,0,0
Robertronke,45,0,0
Sahilshri,45,0,0
Dementyev_V,29,0,0
WRRF,52,0,0
Legip,22,0,0
phatpastor,15,0,0
wernermue,247,0,0
Abbas_22,46,0,0
Galkin_Ilia_BAE_2016,21,0,0
Joni_R,53,0,0
Chitty69,20,0,0
thomassardo,26,0,0
Muhammed110,34,0,0
seyedmostafa69,87,0,0
Sasha-king,92,0,0
BWpearl,16,0,0
sahhint1,17,0,0
Kaelatra,41,0,0
D_Essen,48,0,0
iRLMAXXiNG,20,0,0
cobra1975,130,0,0
Dalinar2023,77,0,0
sinistermagnus45,21,0,0
Patkisanjeev,38,0,0
elf1954,267,0,0
Kasawala,328,0,0
white_sun,21,0,0
sollytexxx,29,0,0
StonedMowgli,43,0,0
Blanqui69,127,0,0
andrygb18,75,0,0
Svenundjesus,190,0,0
serhioelevator,106,0,0
ktrkdr1,33,0,0
Richamiri07,35,0,0
hovakhshatareh,39,0,0
yasaswi_1213,136,0,0
Rustamako,198,0,0
samir-atef,18,0,0
vvvi,147,0,0
thenabh,220,0,0
guiducs,46,0,0
Ali_Tahini709,37,0,0
sgtchiko,36,0,0
KuzinS,66,0,0
unterseeboot,88,0,0
malakoute,26,0,0
enpasseb,35,0,0
DeadlyPawn2023,27,0,0
Kroate75,257,0,0
Dhanin2015,70,0,0
DamAvtograph,70,0,0
frankp7,165,0,0
manfredo465,209,0,0
sardarmur,69,0,0
waterjoy,16,0,0
tomtom86,38,0,0
Niyam-Sinha,34,0,0
verpek,35,0,0
kemalcamels,42,0,0
Nidza_alpha_square,20,0,0
difenbahya54,17,0,0
aarushvora123,27,0,0
Andreas503659,28,0,0
Minecraft_Pro_23,107,0,0
Mek_213,81,0,0
Potato-Guy,20,0,0
TiberiusT8_1,15,0,0
chessskipper,83,0,0
kozyrev_alex93,128,0,0
Sps2023,29,0,0
kholmoving,53,0,0
MiYang,19,0,0
grejak,21,0,0
TimurunFiilii,38,0,0
sersch3,22,0,0
dooe333,27,0,0
AzatB13,57,0,0
aryansrivastava,81,0,0
ROUBY,18,0,0
ShinnakaUshimaki,25,0,0
Derrick95,38,0,0
shekharfromcal,492,0,0
Kingplayer07,44,0,0
DOUGLASMAITA,28,0,0
ionlyknowthelondon,188,0,0
Bube1234,82,0,0
LaliMaLi_XxX,16,0,0
Mikhail_tal_0077,66,0,0
BdxFischerS,94,0,0
Aneesh35,41,0,0
ArinaaLe,23,0,0
Genna5101,222,0,0
Loypats,45,0,0
Saadhana2009,185,0,0
Orontio,51,0,0
Dragon0702,115,0,0
IAmSlightlyIdiot,77,0,0
Pavel33333,105,0,0
OlTikunov,43,0,0
tshivani,19,0,0
Beathoven666,52,0,0
Yaseen137341,52,0,0
gerasd99788,65,0,0
dima-konst,44,0,0
Edgar_Avila2022,16,0,0
ETBK0525,22,0,0
gsemre22,40,0,0
oraheemx,17,0,0
yvehur,31,0,0
Mark10_01,22,0,0
stanleyfl,45,0,0
MandelbrotSet14916,27,0,0
wydivann,29,0,0
isam1911,241,0,0
Kanatolio,15,0,0
tayyt0917,25,0,0
zico229,53,0,0
djeauh,21,0,0
Loeffelberger,102,0,0
RamazanCelik,137,0,0
pyzikarapyzik,41,0,0
Onlymatchups,78,0,0
Weixel,15,0,0
thomastack,17,0,0
amireza1996,55,0,0
FranckT74,18,0,0
sutarco,49,0,0
Valefir,65,0,0
Dorosh92,35,0,0
johnblaisiv,37,0,0
SolidSnake04,19,0,0
Ddmind,43,0,0
Hussein-baqi,64,0,0
OmaxO,62,0,0
matiasantoni,24,0,0
azadsingh786,107,0,0
neprikasaemyu,20,0,0
MrFedchik,123,0,0
valera_lesin_chess,25,0,0
hazem_77,46,0,0
gIgAcHaD-fAn,26,0,0
ogutumoffat,16,0,0
Angeldrez23,151,0,0
Maurilin,17,0,0
Brunoht01,26,0,0
Msallouh,17,0,0
Fatimahswei,21,0,0
Dragone1955,79,0,0
theking_pablosky,30,0,0
Shikashin,42,0,0
Mvntavares,103,0,0
dajoker29,77,0,0
mtsulax,64,0,0
Jacques67,21,0,0
grand_disaster777,86,0,0
abasrazani,84,0,0
gagatek1234,116,0,0
ivesm,37,0,0
IHSNSBBI,22,0,0
lovechess2012,18,0,0
Krosus,42,0,0
gshevtsov1,223,0,0
Dauren07,36,0,0
Andba555,76,0,0
mausi_ozlem,52,0,0
Hasolucoescriativas,226,0,0
FernandoSoberanisGUA,59,0,0
vova_19_05,18,0,0
StanBerski63,26,0,0
luwiz,137,0,0
XpoqpT,21,0,0
IG0R71,283,0,0
vladimir58d,549,0,0
kinggoldmouth,95,0,0
Gencay2011,15,0,0
Akhmed_13,62,0,0
yukilongwalk,41,0,0
tigerspots,87,0,0
bilibili0,32,0,0
Kadirca,19,0,0
anxiety2,19,0,0
masbilali,25,0,0
SoundsLikeChess007,34,0,0
mostafaelgamal,24,0,0
pistachin,37,0,0
DiemerDelinquent,43,0,0
PolarBear2012,155,0,0
pimenta74,22,0,0
ABOUuuuD,123,0,0
noname1477,67,0,0
Olive4684,63,0,0
Amtras,30,0,0
vladlous,19,0,0
xoxo02,89,0,0
krastatitsa,16,0,0
sviatlana1992,33,0,0
ninjachef27,25,0,0
blikkenick,58,0,0
ta018,73,0,0
gregberry,330,0,0
roshdiii,16,0,0
grek99,32,0,0
satyam_swapnil,409,0,0
PrahaladB,35,0,0
tlm0ru,59,0,0
stylaid,18,0,0
IhorKovalenko,15,0,0
thekueenofhislife,17,0,0
i_am_raaj,261,0,0
slowjoel,57,0,0
NicoletteDuClare,31,0,0
HM1010,120,0,0
Gabriel-Mota,36,0,0
yriveks,49,0,0
Koldo123,88,0,0
Mustafa_Issa,21,0,0
DrNoca,26,0,0
alan1952,784,0,0
Tarunboddepalli,43,0,0
ulugbek_uulu,25,0,0
sergey12347,42,0,0
auyvuh,97,0,0
GigEVol,48,0,0
chess_3107,189,0,0
ARTUR3636,90,0,0
Misha_Panda,55,0,0
apfei47,85,0,0
Danny_Wizz_Bang,25,0,0
BryanCaal2004,70,0,0
gitano55,87,0,0
assolutamentee,21,0,0
iMayaa,235,0,0
Horse_26,211,0,0
MayukhC,204,0,0
lRumatal,36,0,0
karimiehsan90,131,0,0
grandepablo83,35,0,0
kastojunior,49,0,0
LESHA04122013,15,0,0
Flavio-Red00,37,0,0
vimol,176,0,0
ekhidnaw,22,0,0
Marko-Chable,58,0,0
igik-777,113,0,0
zeromix,22,0,0
kemirathewmal,15,0,0
Osuiso,24,0,0
Giulio-Jaccarino,27,0,0
walker5765,38,0,0
spaguetidelrock,15,0,0
BigLY,35,0,0
pacety1010,73,0,0
delacuenca,57,0,0
Drios7,18,0,0
tonibaja,26,0,0
Bmorales,141,0,0
Peco39,40,0,0
vortexru,24,0,0
Sherstikov,108,0,0
infinitless,62,0,0
felix_spb,64,0,0
atlas36,181,0,0
pedroferam,47,0,0
broccol1soup,39,0,0
sikwa,156,0,0
dmach,204,0,0
WonderfulWorld20,34,0,0
schachfigter,153,0,0
ezkl-lab,82,0,0
Kolya1812,24,0,0
Njitramkniv,51,0,0
otropamperito,116,0,0
Abstractineum,58,0,0
als21,165,0,0
sveinium,97,0,0
swayamms,16,0,0
akmarfin,108,0,0
VasyaPoguda2015,32,0,0
hasaniscioglu,18,0,0
jakub1240,15,0,0
mr_mrr3b,35,0,0
Ray_Azalea,47,0,0
Yazmin73132,28,0,0
Pinlover,132,0,0
raadm,23,0,0
mmphungary,18,0,0
sulaiman_sulai,120,0,0
lady-rottweiler,145,0,0
mugesh_waran144,15,0,0
ilonmusk,74,0,0
vantys,42,0,0
preranapawar,16,0,0
betasniper,63,0,0
MLManuel105,319,0,0
MCaV-2,88,0,0
Mariya_Billioner,16,0,0
RiFa101,33,0,0
mike2014m,16,0,0
vinodkapoor,21,0,0
cristao,210,0,0
Ogmoney21,338,0,0
rateeshchess,27,0,0
Kingsis,20,0,0
Chaitanya-777_hades,24,0,0
DVGOJIYA,83,0,0
hosseib777,43,0,0
Boda161,29,0,0
leonalekevg2000,56,0,0
Biszk0pt,31,0,0
renger-1346,19,0,0
Atron90,142,0,0
bernec,43,0,0
Chess20_22,64,0,0
cagatayduman2015,19,0,0
ghostknight_7,41,0,0
Imanase,16,0,0
miskazu,130,0,0
Big_Sexy_TV,15,0,0
GiannisPM,20,0,0
tataJuli,18,0,0
thenjiya,19,0,0
Fahir77,112,0,0
AzilLight,41,0,0
nx9a6d,19,0,0
CapnBobber,58,0,0
peha1,214,0,0
Akapel,238,0,0
damentot,51,0,0
Nikolay0104,69,0,0
triple__m,20,0,0
MoSalahEGY,115,0,0
Lastovko1,16,0,0
ebikhoy,461,0,0
mekan_161,16,0,0
zorba_budda,116,0,0
evg-71,220,0,0
ninja12345,29,0,0
DGreys,19,0,0
floppa73,31,0,0
kirtishukla13,27,0,0
MiroX10,20,0,0
NOSEDEJAGANAR,24,0,0
caralitos,113,0,0
Manameiswho,72,0,0
daditt,613,0,0
javadlotfi,45,0,0
nitharwal,47,0,0
Thiago_Carr,16,0,0
haitham1984,23,0,0
DivorceIsOK,62,0,0
spleeny1122,330,0,0
denisuk_1946,46,0,0
DiracHeisenberg,236,0,0
PromQuin,71,0,0
papadiaws,96,0,0
drilya,41,0,0
Hurtfuljoy,151,0,0
lightning232,31,0,0
siam2351,44,0,0
JaCaDa,108,0,0
TIG48,15,0,0
MrFadex,67,0,0
MS_98,128,0,0
Sagya,47,0,0
Umutnadir76,72,0,0
ramprasad27,288,0,0
RajveerKapoor,16,0,0
kollektiv_turmstrass,39,0,0
Siddhantkhokle,76,0,0
Dagac4,116,0,0
Indra7528,174,0,0
ChinoLEGO,40,0,0
Marcelo2015,61,0,0
wolfgangp,25,0,0
Elton_Qurban,21,0,0
Arttee,15,0,0
DhwanitThakor1901,274,0,0
Cordoba1982,139,0,0
kebosse,19,0,0
KishoreDivakaran,82,0,0
chessintimeofcholera,23,0,0
MesutMehmet,63,0,0
Amadeus27,350,0,0
G00Nie5,80,0,0
ElXokas14,26,0,0
zahra_ahmadi49,222,0,0
Thundercode,44,0,0
blessing17,115,0,0
kartikagarwal4112005,16,0,0
telman108,24,0,0
chetanbhai,36,0,0
Zhassik83,56,0,0
mco1984,55,0,0
druhe,58,0,0
Grandmaster10412,58,0,0
augarten,32,0,0
Sandalyon,17,0,0
HardStuckPlatypus,54,0,0
dacadanijel,25,0,0
martxel,35,0,0
Anshkarsingh,72,0,0
Leopiz,20,0,0
styrast,79,0,0
AksoyKoleji,24,0,0
riumabtc,92,0,0
tejask6410,15,0,0
mertingo2,16,0,0
Ebrejs32,18,0,0
Dth20k,27,0,0
williampushingP97,105,0,0
avtomat_azov,43,0,0
abdovic_mab,51,0,0
unstoppable_1986,16,0,0
swayamss456,16,0,0
ahmadolabi123,170,0,0
javipratfoll,17,0,0
ValeryBragin,62,0,0
sebastian-f-g22,20,0,0
Sude_erva3701,116,0,0
vicente_07,66,0,0
JijoBR,32,0,0
darkblek,28,0,0
cavireddy,178,0,0
olsih,151,0,0
ALEXANDRASS,20,0,0
mishanya0211,83,0,0
srezja,15,0,0
ufakalipsis,16,0,0
neudesmaira,38,0,0
rus013,21,0,0
Xpchicago82,41,0,0
BigSnake3001,40,0,0
TKS-JACK-ChaseH,15,0,0
stalmpou,62,0,0
dubov69,168,0,0
Nossir,25,0,0
sergey_270183,23,0,0
annafox66,50,0,0
AlecFD,34,0,0
AnxiousEthos,71,0,0
Carlitosnc2023,30,0,0
xly-0203,30,0,0
luisceri,19,0,0
KONGAmis,24,0,0
dbizzleton,73,0,0
toklaww,217,0,0
Bernardosbeans,15,0,0
ayBeRkylDrm0612,29,0,0
W4nt2D14,22,0,0
Max268,30,0,0
zv1967_z,207,0,0
shaveennambiar,40,0,0
TranHoanglht,17,0,0
LumaMartins,19,0,0
Beekacce,44,0,0
momo_duke2,203,0,0
MarcosABC,47,0,0
saculosnola,29,0,0
KhusainovID,15,0,0
kulbayevsss,299,0,0
bususi,90,0,0
AlanRiverside,20,0,0
vimal1645,54,0,0
Ripbomba,27,0,0
vrushilshah,35,0,0
mmaus,25,0,0
vicent85408,105,0,0
Coskunefe5859,24,0,0
NaitikSavaliya,111,0,0
Chigung,271,0,0
rlkeaton3,195,0,0
Legend27KH,148,0,0
muammar-kamal,61,0,0
Molnar780,42,0,0
NOORKAML,20,0,0
BirOe,62,0,0
chudnofsky89,44,0,0
us-62,93,0,0
danijelscekic,51,0,0
vladimir081,31,0,0
megaetano,21,0,0
Ladoli,36,0,0
EUimmigrant,389,0,0
aras90,55,0,0
dirner,282,0,0
HalfTauter,37,0,0
braykovski,16,0,0
mazpap,16,0,0
OYRI,22,0,0
Daigo18,16,0,0
Peseso,21,0,0
goshachernyshov,77,0,0
NGuggu,33,0,0
power_generator,43,0,0
hrispine,16,0,0
Awan2010,93,0,0
Lagaardbeg,42,0,0
A_Stelmashuk_Daniil,108,0,0
song58,73,0,0
Mdmekail,603,0,0
submaschine,25,0,0
azarov26,131,0,0
KonstanrtinUkraine,615,0,0
Maksimka_s,119,0,0
sachinmenaria11,31,0,0
sree11,31,0,0
Seyyed8,36,0,0
oitc,83,0,0
fFjH,115,0,0
mangiaunapoltrona,71,0,0
yusoff_ff,27,0,0
Mohammad13631208,53,0,0
rlemos,40,0,0
Ojey,86,0,0
petersoo,19,0,0
vishrhuth,19,0,0
Saikrisha,21,0,0
yusufekici4407,44,0,0
BrainThinker,25,0,0
lightnessbcn,28,0,0
LucioF12,75,0,0
Machy52,111,0,0
Gaisar_7,25,0,0
MAXS-2406,16,0,0
mattheweg2003,46,0,0
zargumar,85,0,0
Clyde_Rex10,235,0,0
onehul3,35,0,0
Gibapolo,33,0,0
BowDownTwoMe,17,0,0
tttulpe,29,0,0
oldsho,16,0,0
Mog81,21,0,0
ElEdara,58,0,0
zeybekresul,241,0,0
HESAMKARRAR,190,0,0
EvanescentMania,28,0,0
Hridaansh0912,18,0,0
amr_nagar,138,0,0
Abolfazl_tabriz,31,0,0
viaan_chandrashekar,27,0,0
thiagoteixeira1988,59,0,0
George202,102,0,0
arch5368,59,0,0
rashedtaji449,43,0,0
bullbig918,82,0,0
sagarmatha49,15,0,0
E9J,63,0,0
TRIMEX,125,0,0
LeThibz,21,0,0
danutboomer,33,0,0
Arijitphukan,23,0,0
DaniloFajardo,141,0,0
sandyaiger,174,0,0
luftig_7,83,0,0
Hopanjr,45,0,0
Styczen1962,27,0,0
varlam365,50,0,0
yhoel2015,24,0,0
lolles123,41,0,0
rostem-e-zal,20,0,0
Massploper,133,0,0
masoud198,338,0,0
sssabc031,200,0,0
Mikluxa36,42,0,0
MANDO2023,17,0,0
hahahahahacheckmate,254,0,0
teddy_kaczynski,40,0,0
Algimantas2,305,0,0
LutfullayevAbdulaziz,19,0,0
unangrahayu,100,0,0
Protrombina,117,0,0
A7mdredaaa,15,0,0
shimon10,154,0,0
Damir152016,35,0,0
muyaho21096,21,0,0
anndrey2005,135,0,0
Isaac_HopeChess,61,0,0
raha334,56,0,0
zararsizadem,76,0,0
Sergio-1984,174,0,0
tr3ok,23,0,0
Rocstars,30,0,0
samuel_4,38,0,0
JoeRoganExpierence,39,0,0
Java2016,15,0,0
AdhritDasP,348,0,0
GaelGarcia618,22,0,0
Narayana_Yerramsetti,34,0,0
BlueMaster77,46,0,0
Carlben3,118,0,0
abeerchess64,31,0,0
zanpao,68,0,0
OrtTaj-Mahalov,18,0,0
shytoshi,23,0,0
yuvraj_1010,16,0,0
CalebPhsu,81,0,0
Salari12,68,0,0
Mr_Nic3,441,0,0
tiberius977,48,0,0
magcaldito,164,0,0
Mahipal09,21,0,0
Mashooko,18,0,0
motaaz108,46,0,0
ZolawSSS,20,0,0
kurcina69420,24,0,0
FRANK2014,15,0,0
gmkhue2710,16,0,0
emironur22,32,0,0
Piotr123457,29,0,0
BenjaPinto,56,0,0
Zeddif,46,0,0
Elokdagm,16,0,0
gutooliver,27,0,0
shiny_white_knight,17,0,0
marlsleen,15,0,0
cllllea,414,0,0
ahmetcansener17,69,0,0
barbancourt,35,0,0
Rippert,20,0,0
David-212010,22,0,0
yannik0103,30,0,0
Phil712,93,0,0
speedknight,44,0,0
stridger,64,0,0
bassem1714567,550,0,0
Mangoosekalason,44,0,0
CBA4009_yas,42,0,0
undertaker2052,32,0,0
FandeRiolu,57,0,0
farizseptian,22,0,0
CaptainBigDikk,89,0,0
theo49220,23,0,0
valera339,68,0,0
Mutt3ri,20,0,0
yurifayziev,33,0,0
Sfk76,18,0,0
sebastiankam,25,0,0
danweb05,26,0,0
Evgen72,19,0,0
Mangoes-Carlsen,15,0,0
checkmebk,48,0,0
CHESSCHAMPJA,45,0,0
otegaesi,70,0,0
makarjio,21,0,0
jimfrost2000,50,0,0
Eulenaugen,53,0,0
dularsidar0107,461,0,0
Regbynsk,207,0,0
Menuet123,139,0,0
Kelvin_W,16,0,0
zakonov_boris,19,0,0
Parsom986,27,0,0
redachess17,35,0,0
idnwigo,18,0,0
Tore-Lioi,22,0,0
ulvi21,42,0,0
MRYKCBY,26,0,0
apilat,25,0,0
Emanuel52,15,0,0
hetcu74,15,0,0
KirillPav,92,0,0
zewail7,67,0,0
tarasell,34,0,0
Abdoo777,32,0,0
aarthi2009,157,0,0
pellecchia,43,0,0
Djamel_eddine_1,18,0,0
telkovm,75,0,0
Danil_tka4off,23,0,0
KuznetsovFedya,16,0,0
RAWDEDE,89,0,0
swetlanapower88,42,0,0
pwl21,23,0,0
jopa_1975,17,0,0
Swann216,25,0,0
insector_hard,17,0,0
blue1382,16,0,0
servo62,278,0,0
cprezgar,103,0,0
gena1935,526,0,0
MR_228,20,0,0
mparsagh,22,0,0
Xthanblue,19,0,0
BuckyWootmaster,160,0,0
GG_Girsti,35,0,0
kesavadas,75,0,0
enriquejimenez00839,156,0,0
karelez,44,0,0
MusicOn,15,0,0
HuSan_3500,53,0,0
sirboy68,42,0,0
ML93,48,0,0
MazinTonga,17,0,0
Trallafitty,15,0,0
arturbodner,45,0,0
MishA8585,407,0,0
JackalPawn,64,0,0
ormanca,36,0,0
NAR160216,36,0,0
Promethean55,150,0,0
daubuoi312222,87,0,0
Eby711,28,0,0
Andi2709,36,0,0
Azikkush,26,0,0
Markutan,83,0,0
Rabe54,143,0,0
santri_desa,15,0,0
Vlad_Grebnov,87,0,0
NikitaVorotylo,29,0,0
c47b_kf,125,0,0
deryches,50,0,0
Rudolf29,218,0,0
Emmanuel9706,67,0,0
Conoake,62,0,0
fojo1993,254,0,0
uebermensch1998,23,0,0
alighafuri,53,0,0
Civcivcik,16,0,0
MotroilWatroilAal,25,0,0
MARA_DOMINGUEZ_23,15,0,0
Maks_G,21,0,0
sokgat,72,0,0
Chesskingsharma,54,0,0
vito_uljarevic,67,0,0
Neniy,132,0,0
Pro-chess-xxx,52,0,0
Cvkim,23,0,0
Rob33,31,0,0
qz2,87,0,0
Johndale09,18,0,0
PTlusitano,153,0,0
Chesstisticles,17,0,0
HastolFo73,21,0,0
Mohitchuru99,60,0,0
Gaurishta111,127,0,0
FF83210,199,0,0
mariolatez,51,0,0
GR1ME_O4KO,112,0,0
FalconVaulter,143,0,0
wasi_alam,31,0,0
dimm321,69,0,0
Iraj-mah,339,0,0
Homebot,48,0,0
Djie,137,0,0
MolecularSoup,122,0,0
Kluft1nger,66,0,0
stifh,933,0,0
ninj_2,167,0,0
SilvaSE,27,0,0
SoaroDesao,43,0,0
Hasanwesta,27,0,0
thelonelymaster06,75,0,0
L0rd_V0ldermort,80,0,0
ciaobro08,21,0,0
davidviste,26,0,0
huaanhtuan,334,0,0
ElliesCauldron,40,0,0
krithviks,19,0,0
zmihail,111,0,0
enpeassant33,228,0,0
FourRinngs,181,0,0
soopnsandwich,190,0,0
marcus2,49,0,0
Boticario11,15,0,0
Sl_Floryan,25,0,0
Gautamsinghrajput,19,0,0
MichalPalychTerentev,15,0,0
AamMr,16,0,0
VoPS,299,0,0
cubitus95,15,0,0
Paparim99,46,0,0
uzmka,38,0,0
ELREDEM12,81,0,0
BlxckBoosty,482,0,0
norikly,17,0,0
saintblessed001,245,0,0
Avashdaneshvar,17,0,0
L900nawras,59,0,0
Marineplay18,34,0,0
Aarav_mohanty,15,0,0
nanniwan,38,0,0
hturkey,21,0,0
Bat_ata2,17,0,0
mcfaix,182,0,0
sohsah,91,0,0
Iyuriy,300,0,0
Nicu_Tesla,167,0,0
toukot,40,0,0
rashid1112,157,0,0
mastroph,15,0,0
Ahmedsamir45245,27,0,0
Nadeim98,71,0,0
chadlltt61,52,0,0
dauntinglor,31,0,0
chatterrrrrrrrrrbox,49,0,0
Atharva2121O,19,0,0
Dalton85,83,0,0
HRISHANT_123,82,0,0
DanielD22,60,0,0
Malek1982,50,0,0
farfromformidable,21,0,0
seneloglu,35,0,0
Abhidarshi234,185,0,0
patriolino,280,0,0
mfp32,50,0,0
simon_gryzlja,40,0,0
Bratuscha,66,0,0
BarskyiArtem,15,0,0
zamknietypiec,115,0,0
baumbomka,540,0,0
jsjs220,46,0,0
Halsfury,49,0,0
raminmokhtarynia1,16,0,0
ygmtsd41,24,0,0
mamukakak,88,0,0
Marinsch,23,0,0
GuerillaTaktix,24,0,0
JTippie,22,0,0
serosking,23,0,0
AJY18,55,0,0
hamedmspr7,30,0,0
vladimir777bz,165,0,0
AslanKeshev,602,0,0
zuhlmatul,85,0,0
jessekaise,19,0,0
AdvikRajesh,53,0,0
yacanto,192,0,0
Arturio999,20,0,0
MekhakGrigoryan,193,0,0
DenisOlmedo,148,0,0
lrsakk,23,0,0
Dad3G,59,0,0
chessssmartt,28,0,0
Hariprasath02,84,0,0
Gilda_13905,21,0,0
Mate4848,21,0,0
thebaba2121,38,0,0
elvin2004,30,0,0
thuongbk,30,0,0
Hozan9c,29,0,0
viziro,226,0,0
ScientiaSitPotentia,66,0,0
Dhanuja2010,18,0,0
Afanasiy1990,47,0,0
Omertaha67,95,0,0
RaqinShahrier,64,0,0
LVKNIGHTS,236,0,0
pankaj2kk1,37,0,0
Imaliz,19,0,0
gabrielette-l9020,26,0,0
canlasRenniel,405,0,0
DonaldBethlehem,18,0,0
bakhyt69,95,0,0
Dorzhi75,67,0,0
Gamechanger86,19,0,0
saadwahba2222,44,0,0
HRIDYANSHROY,58,0,0
Babagangush,30,0,0
YURI2001,24,0,0
HimankaSekharMondal,51,0,0
AayushPrabodhanDesai,154,0,0
Ando_Rial18,15,0,0
chessim9,40,0,0
Aschlopf,121,0,0
Mr_Crownn,15,0,0
TheBeardedTrea,20,0,0
McGoon,113,0,0
sumitsingh3072,35,0,0
sure9pass9,94,0,0
Nicolalau,172,0,0
amichesskhali,18,0,0
ThePrinceofMilk,22,0,0
P35152-35153,48,0,0
Hans_Grob,188,0,0
XxGlad,92,0,0
soligorigor,487,0,0
fortissimo88,228,0,0
StolyarovEA,37,0,0
samabile,56,0,0
brillly,247,0,0
JuanDavila,26,0,0
Benderekb,393,0,0
Fenbilimaliarif,35,0,0
sebastienandrieu,24,0,0
Marianoitalianooo,43,0,0
K_Bennion,16,0,0
maxmakingmoves,352,0,0
belahajdu,65,0,0
FlammlachsImBrot,226,0,0
Caballo_20,91,0,0
victorsanra,138,0,0
mc58,26,0,0
Kvadim2014,22,0,0
yvers12,140,0,0
ICECREAMFISH,37,0,0
hmmmmmmmmph,59,0,0
Mike_Rokuske,38,0,0
Mariletta,30,0,0
EapenPaulp,40,0,0
tamerlan88111,18,0,0
tim_nn,86,0,0
ziky94,55,0,0
edwardpawn,71,0,0
sandmannel,21,0,0
Mizoudj25,100,0,0
necoo,273,0,0
Meriadon,93,0,0
Roshan74064,21,0,0
ked01,313,0,0
unteroffizer,33,0,0
Letigroudu40,17,0,0
calebnaicul,44,0,0
Milchlaster,20,0,0
SigidaMixail,19,0,0
oziay,63,0,0
swatttt007,31,0,0
aquacrv,19,0,0
Holderlin80,27,0,0
mohammadhoss3in,15,0,0
mariami2012,99,0,0
Setayesh_Monazzami10,15,0,0
Evhen2015,16,0,0
tatar669,20,0,0
zeyad_waleed12,35,0,0
Fernando_00,15,0,0
osiute4,382,0,0
jlebon,143,0,0
Vladko1,22,0,0
The_Chessologist,118,0,0
AbanoubRaafat,45,0,0
ryuksan1337,123,0,0
vanilla_01,20,0,0
geoffffj,74,0,0
Jatecru,66,0,0
subee1,324,0,0
spitre,39,0,0
amiralirafati,19,0,0
Stephen_Sinema,22,0,0
totalsubsaharandeath,24,0,0
Tyson1952,81,0,0
lygiahung,20,0,0
qazwsxvv,127,0,0
Nicole22,112,0,0
snoopy24,18,0,0
lizkami,19,0,0
XigaCascuda,59,0,0
DoxxRust,18,0,0
luzzhou,33,0,0
Mina-Rio,408,0,0
terbani,88,0,0
lure12,17,0,0
sascok,255,0,0
Julio23_julz,81,0,0
Yereke2018,85,0,0
parmismnf,23,0,0
SWASTIK_TARA,26,0,0
Gabrielhla11,34,0,0
Aonik10,25,0,0
sandinm,65,0,0
richtungen,203,0,0
BeanLinnister,19,0,0
panosbarbas,41,0,0
Ilya_17z,18,0,0
mohsen_1469,89,0,0
fludy252,17,0,0
erzi1911,251,0,0
solodmisha,24,0,0
M_Gaber,75,0,0
MiShA0110,48,0,0
timthole25,65,0,0
CB_kabir1,55,0,0
jahanPantin,162,0,0
s3v4k,36,0,0
pep62,153,0,0
ATLEGANG,15,0,0
stroiusam1,32,0,0
tahakhedr,65,0,0
johnlocke88,17,0,0
FinalBoss90,17,0,0
Elmibr,39,0,0
kokoki,98,0,0
abhishekshrikhande1,16,0,0
Ashot_h,58,0,0
mustecir,31,0,0
dude7586,17,0,0
Ciacchi,24,0,0
Ed-111,19,0,0
jkoskela,47,0,0
ReddNexus,75,0,0
Pindapoy,113,0,0
zprep14,22,0,0
brichev,31,0,0
serious_alpaca,92,0,0
yazdr,75,0,0
misclicksandblunders,16,0,0
RokhoeF,19,0,0
brave53,97,0,0
bongclud,137,0,0
abim_1,21,0,0
PHYL055,23,0,0
MohamedShawky09,31,0,0
hamzu70,108,0,0
chaly6_66-6,82,0,0
SurfingZebra69,24,0,0
phanytza1,87,0,0
Cai_Chess,147,0,0
verbickas,184,0,0
alireza9090,22,0,0
Fora70,22,0,0
moradordelyermo,58,0,0
waynersa,38,0,0
dariusz-jerzy,33,0,0
yasikty,169,0,0
Necroaura,18,0,0
telhat,325,0,0
Abbas125,165,0,0
SantYaga_33,89,0,0
Santos1974,58,0,0
Mehmet_Emre_Namal,149,0,0
rbn1423,38,0,0
Amjd2018,33,0,0
TjasaRe,58,0,0
gozde10,19,0,0
RidaJabas,63,0,0
G-M-Matus,19,0,0
sbkimwind,39,0,0
amirzamani1390,26,0,0
Olegas85,24,0,0
ambroseaa,22,0,0
Lennoxerus,25,0,0
chess_vandesel1,79,0,0
savvas94,53,0,0
BagnusMarlsen,148,0,0
ChuraStepan,180,0,0
AleksandrAfonin,211,0,0
fortune66,36,0,0
alarmusPL,203,0,0
hatahsin25,35,0,0
Ciba-Sebastian,22,0,0
KingDrewE,15,0,0
Dmitri79,122,0,0
DanielOMS,15,0,0
Gera74,226,0,0
MahoCarlsen,19,0,0
lealezcano,71,0,0
Nesytov,74,0,0
mhmd2025,65,0,0
itsayonate,26,0,0
Pedro_Tirapiedi,522,0,0
Hrrsyd,23,0,0
HernanYT123,20,0,0
PoreddyDinesh,20,0,0
vrungel_max,134,0,0
m1n4q,16,0,0
KC_901,86,0,0
mohammad_tayfour,135,0,0
Tarasov_S_N,107,0,0
msnr,25,0,0
Mhlongo_M,494,0,0
Parham089,15,0,0
dontwakedaddy,170,0,0
setiaa,29,0,0
Caglar21,24,0,0
JoseMezaM,455,0,0
stjerneskudd777,73,0,0
Galisytte,42,0,0
Oleeeg1972,48,0,0
danyafn,26,0,0
ajedrezcolima,24,0,0
siddharth_01,46,0,0
Sirco24,101,0,0
Corprewg,282,0,0
Arif0044,27,0,0
TonyTonyTony,121,0,0
RaphiRaphman,65,0,0
MarcoWojaczek,51,0,0
Ramana3069,36,0,0
Yalom2308,22,0,0
Chrispy2322,17,0,0
SergeyT1002,20,0,0
Vasa7777777,43,0,0
Bohdan3,19,0,0
andreadalo14,42,0,0
paywallplayer,26,0,0
OsamaMohammad111,57,0,0
esvictor,75,0,0
stultusnerd,38,0,0
AR_RD,47,0,0
Ahmadhaggag,189,0,0
Peakers_Lab,41,0,0
Sanjay_Dharmani,51,0,0
miklarput,33,0,0
Muss0561,16,0,0
Vehabija1993,159,0,0
Slepy29,54,0,0
gettingscaredyet,36,0,0
nayakans,36,0,0
KnightedMinds,165,0,0
tolltroll,19,0,0
sh_demir,25,0,0
Alda97,76,0,0
Srikulkarni,17,0,0
whxtepandas,20,0,0
Renat3,58,0,0
PhiPhiTan,18,0,0
pbertol,81,0,0
einarperez,346,0,0
PARSA1390king,64,0,0
icelemonpee,32,0,0
Heringssalat,102,0,0
Legit10,151,0,0
arda_8181,17,0,0
TimofeevPavel,53,0,0
natanaelescoces,20,0,0
Livenesh13,62,0,0
Dr_MustDieKa,23,0,0
EMAD_ODAY,143,0,0
Broose_Benar,259,0,0
aminaymannn,174,0,0
JaanuTippu,38,0,0
Kirua263,137,0,0
Sunbe1983,92,0,0
hhkanokur,30,0,0
CalleTree,16,0,0
alirezadibaj,45,0,0
vergarasan45,48,0,0
ShamanNo1,58,0,0
Malusare,119,0,0
The_Prashant,51,0,0
mukanbetovaa8,67,0,0
AzlanB385,147,0,0
IgorK2974,106,0,0
helvet3,60,0,0
Zecrech,29,0,0
Jumakip,129,0,0
unnikrishnankv,24,0,0
chilito47,112,0,0
Mutemadiyen1,203,0,0
Leonardo-Fabiani,32,0,0
Altaa0933,23,0,0
Saball,30,0,0
navikaakash,19,0,0
leyverlopez,76,0,0
momoo23,21,0,0
alonso06,45,0,0
Kobra-11,17,0,0
DarkWulfy,21,0,0
cludv,163,0,0
alex_woryn,42,0,0
BakryJacques_12,63,0,0
Nk025,29,0,0
valsax,137,0,0
Rascar667Capac,37,0,0
Tonybonilla007,23,0,0
bbb3000,556,0,0
XPANITEL,27,0,0
spinjetak,35,0,0
KeepMeInCheck,92,0,0
HuMiz,126,0,0
shakib90,50,0,0
roshni_narayan,18,0,0
amohamadk50,147,0,0
sam_izdat,17,0,0
Ace_4000,20,0,0
Serge007,67,0,0
hasansbr23,187,0,0
lapaska,20,0,0
AliceCarrollD8,140,0,0
ramiro70,1013,0,0
JOS3LR72,96,0,0
yameol,22,0,0
Mogaradman2,59,0,0
ataque_brutal,68,0,0
Emir_Roganov,17,0,0
DarkKnight_0813,89,0,0
arjunprasad,26,0,0
streetkaptinejaz,20,0,0
abdogasserd5,133,0,0
mon3em3,79,0,0
GabyBe,17,0,0
anssk_64,23,0,0
anish116,18,0,0
Ronikazmoheb,47,0,0
Peter-Tawdinskiy,65,0,0
Akarachak,15,0,0
Kirbo221,31,0,0
Zeyad_Bandery,64,0,0
vanhempi,21,0,0
winagain,40,0,0
JVN04,160,0,0
maribhy,94,0,0
Djon_57,42,0,0
ahmed_alanzi,35,0,0
Itadori_yajin33,43,0,0
OkkaChamara,75,0,0
AndresUm,117,0,0
DenMarkov,104,0,0
karsin26,279,0,0
burakis2,37,0,0
muhammad3631,112,0,0
tirom13,56,0,0
her183,56,0,0
Real_grand_master,113,0,0
alex625625,65,0,0
Volefim,30,0,0
Mr_anas,78,0,0
Kueke888,18,0,0
SchokoJohnny,32,0,0
classicglenn,17,0,0
levoe,94,0,0
Luce123,69,0,0
talisman687,57,0,0
grigorinikisin,15,0,0
McMuffin121,19,0,0
BilalHilali,38,0,0
marottese,82,0,0
Mukanov-energy,24,0,0
fidewasgood,18,0,0
Kejuu,115,0,0
kridhayhari,34,0,0
valkyrie2011,20,0,0
chandrasekaraashoka,103,0,0
etaredafenc,312,0,0
spirt22,46,0,0
taykiakia,26,0,0
Alexeysamarskiy,20,0,0
zenryu8290,36,0,0
zoha6,208,0,0
Bald_Experience,53,0,0
AControversy,280,0,0
MKleev,17,0,0
jddlope,18,0,0
Porantu,116,0,0
JohnnyRotten27,202,0,0
Ken7s,17,0,0
RANJIVPRANAV,18,0,0
suyatna85,293,0,0
CocoDeLaMama,60,0,0
Peekback,65,0,0
helmi-madouri,15,0,0
garv420,16,0,0
bobo5stefan,43,0,0
AMATAR2019,206,0,0
SuleymanPolat,30,0,0
ko20729,17,0,0
antonquimpan,32,0,0
GarethOwen,75,0,0
Sambhudas,72,0,0
ikoime,30,0,0
taurenchief,16,0,0
gritty_tea2251,32,0,0
wessel_v64,24,0,0
zheka1984,90,0,0
White_Snowy,31,0,0
Dunkan_ls,93,0,0
doctorchess000,16,0,0
DregoBlogs,132,0,0
thomasditsworth,27,0,0
ChriselMinisel,48,0,0
Noob2134,22,0,0
Lythraceae,197,0,0
M0hammad_abbas,18,0,0
Koljan2712,16,0,0
YAZDAN1404,26,0,0
goosge27,22,0,0
YuriyLyakhov,44,0,0
BodgerChess,50,0,0
Certa15,34,0,0
raaj20,15,0,0
stefan01mo,52,0,0
sggerrard,72,0,0
OjasFuloriya5914,64,0,0
AV0029,40,0,0
r2d2-1000,29,0,0
PCblubBlub,18,0,0
Mlyn254,15,0,0
RashkNavaid,16,0,0
D_wop91,114,0,0
galatasaraychess,94,0,0
rajloga,16,0,0
Alvinator_257,50,0,0
Scourger,146,0,0
rafaelfr,81,0,0
Knight602,47,0,0
LaMadonna33,28,0,0
lionixsoftware,117,0,0
biofast2,45,0,0
sergiy_kormishun1986,24,0,0
vvendell,20,0,0
chryss6,209,0,0
simarmataaa17,15,0,0
JDuBBB71,252,0,0
Dingdop,22,0,0
elephant451,29,0,0
yirath,22,0,0
Chess-cat-2022,55,0,0
Andrew123CAs,23,0,0
raghubharathi,33,0,0
sanket13,97,0,0
elgringa,67,0,0
DimaVP,29,0,0
Nour011,32,0,0
yannbubu74,104,0,0
Hugo-Tapias,129,0,0
SebastianSchemm,36,0,0
himynameismichi,22,0,0
WalkerMikes,53,0,0
Ps-83-ps,91,0,0
Armenian_ghost,17,0,0
hamidff15,147,0,0
maskiom,23,0,0
Chanumi,35,0,0
IriMir,41,0,0
panaramich,17,0,0
JCCandido,84,0,0
vladimircvet,130,0,0
mustitrg,42,0,0
JoshPascoe,17,0,0
aadesh2312,51,0,0
mishavesel,43,0,0
abbaskhan1369,355,0,0
Rocky_1303,94,0,0
VIKTOR1954,197,0,0
Ecf52,211,0,0
GujaLomsadze,22,0,0
Hamag,21,0,0
RB789,37,0,0
KM_Jaehun,101,0,0
sss-sss,32,0,0
Dimylkokh,42,0,0
Eylem-33,83,0,0
S4CHAJ,29,0,0
Gboy4life,37,0,0
alexlp200,28,0,0
Metehan_ko6,19,0,0
Alfiere_Cieco,161,0,0
tomassun,26,0,0
MO_ODX1,33,0,0
katranvarili,15,0,0
mms300,156,0,0
jonschr,54,0,0
Fullniftydrum,66,0,0
Paulvibe,101,0,0
Daniil_ekb,233,0,0
K-2003,85,0,0
hicrushkits,59,0,0
g7igo7,107,0,0
Noracain,99,0,0
Rafael360,142,0,0
Tobyasha,29,0,0
doc6jv,146,0,0
kabersedaghat3,213,0,0
Travisnathan,34,0,0
walnut_ro,52,0,0
Tricksmeddie,15,0,0
Chingiz0796,39,0,0
AniVSV,47,0,0
vasmous,26,0,0
SM_chesss,27,0,0
serafim0,55,0,0
anderkickers,29,0,0
ryukisshinigami,44,0,0
Hayk_8h,15,0,0
thedunceofgambits,39,0,0
ubsingh,272,0,0
elmams,18,0,0
SimonElbert,53,0,0
kritack,111,0,0
bibbymove,279,0,0
MikaOm,81,0,0
luizaruga,32,0,0
FAMILY1111,15,0,0
ErWolfer,34,0,0
HY_m0k,20,0,0
luci0404,19,0,0
Sahaskalpana,17,0,0
Bastillon,489,0,0
avocado70,265,0,0
TROJANHORSE1,45,0,0
NikolaJovanovic1969,186,0,0
laithbqaeen,48,0,0
Levrick123,15,0,0
sArijus,32,0,0
panos1000,29,0,0
Sead1999,48,0,0
filipstepnicka,23,0,0
maltescb,20,0,0
SayatIskakov2013,44,0,0
JHONELITE9,59,0,0
cconeal,49,0,0
Mostafa_Mahfud1188,30,0,0
synovialfluid,20,0,0
Vasapp,69,0,0
sbasile52,48,0,0
Pawnstar077,28,0,0
betobastos,42,0,0
WabZ,367,0,0
Akkabro,37,0,0
Hikkaruhi,108,0,0
dakshBhatnagar,17,0,0
GermanR15,21,0,0
SimoneSantonj00,25,0,0
jericomatias,67,0,0
Ansh4567,180,0,0
jonny6494949,16,0,0
mr_113,34,0,0
Jmr2020,189,0,0
Pranavdsj,27,0,0
LuisF134,121,0,0
danilyan,39,0,0
TIME_TIME_XX,29,0,0
obama1000,16,0,0
Abdallaelsaid01,21,0,0
Karolus76,17,0,0
Murodbek01,56,0,0
kalikino,241,0,0
doberman_33,19,0,0
HunterPro28092009,22,0,0
Pindulo,18,0,0
salah1234321,41,0,0
KBparmar,21,0,0
Hans4373,57,0,0
esteban023,17,0,0
N2011Hamzama,29,0,0
Hidrrox,148,0,0
Jojje007,52,0,0
winnim,52,0,0
Batyrkhan2305,36,0,0
marosius,32,0,0
Alexandr160389,38,0,0
mkutfh,83,0,0
charebo,25,0,0
u2boy21,49,0,0
Victorio_Grossmaster,19,0,0
Kamkat18,240,0,0
Shashwat_799,32,0,0
sergmahach,18,0,0
Dracula76,17,0,0
willyvaldez,40,0,0
thieryB49,17,0,0
Radfan,28,0,0
xyhill,56,0,0
Himan2304,114,0,0
Ciesla93,161,0,0
noalid,41,0,0
Luisitary,19,0,0
FerencChess,33,0,0
Daniel_6711,27,0,0
pedroos2206,57,0,0
Gamer1999,17,0,0
limchyelye,167,0,0
yoguiches,24,0,0
paslari1962,132,0,0
radinmaher2024,15,0,0
name4CHESS,28,0,0
raychess77,257,0,0
k_kira,21,0,0
KardelSSharpEye,19,0,0
Mounaimdjf,112,0,0
Dzonny,50,0,0
Magomed1337221,197,0,0
mentanious,36,0,0
sbyng,43,0,0
rosko_t,59,0,0
ayoussief,181,0,0
lukyanguzela,28,0,0
topflowerv2,17,0,0
StaryyTapok,35,0,0
PacoGranados,59,0,0
memolicht,220,0,0
shinbankai,22,0,0
halo89,26,0,0
suleyman929,39,0,0
Maxchenill07,64,0,0
mahmod77,24,0,0
Moaz107,24,0,0
hmdkrc,20,0,0
Artmac56,38,0,0
Pince22,26,0,0
tmaggs,36,0,0
Felixlyc,87,0,0
elmora2003,43,0,0
JamaroRojo,46,0,0
Bjj_brian,134,0,0
dotarev,31,0,0
Lowly_Chess_Player,150,0,0
rennnnnnnnn,113,0,0
bobbychessjr,51,0,0
Refined99,48,0,0
gregbon,19,0,0
neigel0415,19,0,0
Burdy,18,0,0
bcavdar,17,0,0
yashrock89,30,0,0
profile1234512345,18,0,0
Magician_From_Baku,81,0,0
alijiu,28,0,0
heseniko,39,0,0
tharcchess06,18,0,0
ebakyuz,81,0,0
Gopikathampi,66,0,0
Arazmammad,140,0,0
subhashpatil,18,0,0
shadyahmed1976,16,0,0
GODSWILL1234,135,0,0
mplus,76,0,0
Mahdinick,150,0,0
FozRed,53,0,0
Q-Man0815,16,0,0
Vlad_bubu,35,0,0
carlos-gala,207,0,0
Chinaskou,19,0,0
Davidemadwessa,258,0,0
santi0404,29,0,0
sladkoezhka1,36,0,0
Menura2017,95,0,0
shahadata,22,0,0
eiuol,118,0,0
vini786,205,0,0
abdallamagdy,25,0,0
pialust,27,0,0
evamelina,17,0,0
sobies3,25,0,0
Al-Bundy2205,55,0,0
pkrwil64,63,0,0
Kurdistan44,38,0,0
unibunmy,170,0,0
samt-t,37,0,0
Gosha321,23,0,0
katanof,65,0,0
j1ng3r,19,0,0
cumayigit,23,0,0
buchipow,106,0,0
turtle551,68,0,0
mrgkbrk,142,0,0
AigleNomade,19,0,0
PoPanda1611,41,0,0
Harsha2012,17,0,0
kudakuda12,70,0,0
waffle_stomp,70,0,0
Dragon911,32,0,0
Laura0909,68,0,0
basila999,17,0,0
c2h4,49,0,0
nachamlk,149,0,0
alexkit08,16,0,0
Alexrits,52,0,0
Daniil57,33,0,0
bois-anto,60,0,0
beks3335,414,0,0
stewbrew2,65,0,0
Nosmo-King,18,0,0
MrJohanBlack,79,0,0
Buoyhunter,125,0,0
linetto,119,0,0
hatoeira,16,0,0
percy2416,17,0,0
NAYYAF,146,0,0
kuschey,79,0,0
leontrue,182,0,0
destroyerg0k,247,0,0
qartveli21,39,0,0
aldamore,22,0,0
jakecasey,152,0,0
Rafi_K,27,0,0
manniclans,88,0,0
AgusBrega,15,0,0
jf123,16,0,0
alpesh20,44,0,0
JBSmith,20,0,0
Ksushinpapa,24,0,0
FredoDomino,42,0,0
crazearoni,103,0,0
Lord_Blunderus,55,0,0
Jirooo0,62,0,0
Roberto_Gius8,145,0,0
chelloyal8ah,17,0,0
yigitkaplan,30,0,0
Golzadeh,29,0,0
ristvakfreohr,16,0,0
luozichen1,18,0,0
DenisVid,19,0,0
Ezaldeen,433,0,0
kanak81514,20,0,0
quaverence,53,0,0
Funtik303,55,0,0
redflash,34,0,0
AlfredoMirabal,39,0,0
sammson,159,0,0
sujith946,15,0,0
vikuniia,61,0,0
Kaanbahattin,29,0,0
rolo39,127,0,0
xurshid090487,270,0,0
WilliamLee2015,19,0,0
Urslan999,25,0,0
Roman_777,98,0,0
devrimkasparov,17,0,0
palaks25,524,0,0
mInd9Games,31,0,0
yn1k,214,0,0
Akash0111,220,0,0
misspenny20,108,0,0
PYCNSSS,29,0,0
tangoalpha22,21,0,0
Modus_pwnage,100,0,0
NicolaeState,25,0,0
aliorila,147,0,0
DreysMaksim,29,0,0
zezo5000,45,0,0
AmyLawrence,173,0,0
AmirbekAkhmetov,19,0,0
KayJunior,61,0,0
ChessNick10,15,0,0
Castiman,23,0,0
devlils,38,0,0
aasunilprajapat,332,0,0
booyoha,23,0,0
zolotareva,15,0,0
kfask,35,0,0
mojtaba123456,36,0,0
ILikeTournaments,17,0,0
watervreeswalvis,18,0,0
monther_sh,24,0,0
Ysf_Alan66,18,0,0
Pasta14,21,0,0
dFones,19,0,0
BlackSpider24,194,0,0
nestordem,240,0,0
Blundert,25,0,0
duckhunter700,69,0,0
babyknoetje,33,0,0
RMSdeutschland,64,0,0
BrennanBrown,18,0,0
behnoud_shojaian,100,0,0
smurfik21,21,0,0
Mohamadjamali,28,0,0
tunahan59595959,118,0,0
izgib35,277,0,0
sampiyonpide,26,0,0
FC2038,82,0,0
Mohammad-ALSowail,28,0,0
NeededanuAddiction,27,0,0
MikhailShayagzamov,58,0,0
Learned112,49,0,0
ishay64,45,0,0
dzamb15,21,0,0
vikingadamek,27,0,0
colombian100spb,34,0,0
Ranojit10,24,0,0
Farhad_Tamzid_Ali,79,0,0
Serge25,35,0,0
Latebloomer07,151,0,0
robin0811,21,0,0
sprachmatt23,53,0,0
lfrook,46,0,0
vladimirelectric,35,0,0
dav645,46,0,0
bdlimburg,19,0,0
FlamesThatBurn,17,0,0
Viravato,15,0,0
badrik1,15,0,0
incalnegro,24,0,0
brino,263,0,0
ghostlovescore,207,0,0
Sashank2020,16,0,0
bustin_jieber,87,0,0
Zen_Gambit,34,0,0
king_slayer33,36,0,0
tafla,41,0,0
Sergey-61,44,0,0
u-w-e,20,0,0
the_loving_boy,28,0,0
Jarota,26,0,0
Kaz97391,25,0,0
Ale_Campbell,20,0,0
sulejman90,21,0,0
phoenix_u7,107,0,0
vprasantham,34,0,0
zaki74,105,0,0
ThanosD1,16,0,0
MIRATORG1988,40,0,0
Ele3ck,155,0,0
amir_j73,266,0,0
MARESAL_VON_MANSTEIN,16,0,0
DRUBA001,108,0,0
ishugupta9,18,0,0
thierry_andria,48,0,0
DiMau75,44,0,0
metehan47,39,0,0
Ttyty1968,30,0,0
Stencio_98,18,0,0
salgadoalejo,125,0,0
sreejith2,16,0,0
soniaorlasorm,29,0,0
ElBoulito,161,0,0
huwa,184,0,0
DaPawn50,213,0,0
Darg3780,383,0,0
AYHAM-AHMAD-JAMMAL,324,0,0
Gorlick,41,0,0
Narci_Scacchi,182,0,0
Antonio2112,64,0,0
SalmanGlmzd1378,224,0,0
Draerobinson,574,0,0
Intel415,55,0,0
saltynyc,22,0,0
Erenkaratekin,47,0,0
shakeel1,89,0,0
mariovilla88,67,0,0
xx229,24,0,0
Columbo7,82,0,0
Mondiolito,102,0,0
partanjali,30,0,0
Kostya777777,62,0,0
Mark_Rocamora,114,0,0
Fredilmatto,135,0,0
alireza-jml_634,65,0,0
DimanLey,100,0,0
AnilReddy87,107,0,0
tomek1268,105,0,0
Ukcbajr,51,0,0
jacquelinevanoye,33,0,0
Mich_Py,28,0,0
Terence2020,19,0,0
ebi125,84,0,0
arturpogosyan382,31,0,0
gebrew,169,0,0
mohammad8811,68,0,0
Maksgrigor,128,0,0
Jungleruined,26,0,0
Mackson2,17,0,0
RUBIX10,42,0,0
Redla17,61,0,0
HIAS,81,0,0
Africaniga,43,0,0
sim54431,63,0,0
Kevin_Costner,98,0,0
Mehmetchess34,50,0,0
sinanbor,29,0,0
Magnus69_69,61,0,0
SeBaStIaN21111978,34,0,0
Kerem_49_49,59,0,0
maganhard,22,0,0
tuvva,525,0,0
itskovkas,24,0,0
jasperbjk,16,0,0
Judunha,51,0,0
nikooamir,17,0,0
Mkonan3,105,0,0
IlyaSigida,18,0,0
Noelprasad,128,0,0
YasinMusa,63,0,0
isolatedproton,977,0,0
Bader1,204,0,0
thenightdudeonliches,34,0,0
Liam0617,80,0,0
ELDANCEE,75,0,0
pomfryc,54,0,0
faxeleun,67,0,0
chesssu6996,38,0,0
RutendoBTS,70,0,0
alvedo11,15,0,0
Praggfan2020,26,0,0
SafwanPM,22,0,0
Jfhassel,40,0,0
Gosha_Razinkov,25,0,0
SHAHRAM_NAM,227,0,0
DavidCerebroRock,15,0,0
hugitoo25,32,0,0
Rams24,148,0,0
bongon67,213,0,0
sathyagith,25,0,0
gels_taliwang,156,0,0
ma7modhelal,69,0,0
sirajmnr,37,0,0
SUPERGREENCHESS,37,0,0
Antoine59570,259,0,0
Anry9,62,0,0
hansortiz,29,0,0
Reza_mockingjay,59,0,0
sanryze,125,0,0
c111kin201,46,0,0
ADANAKEBAPAYRAN,35,0,0
seksualnaczekolada,225,0,0
yyusup,17,0,0
ahmetcan_666,45,0,0
Artem_Mikheev14,15,0,0
GLAMARK,134,0,0
kennyharuka,29,0,0
Momarsky,15,0,0
LAVLAVLAV,250,0,0
SinaAI,20,0,0
Kongratbay1958,194,0,0
gorums,37,0,0
anscottie,248,0,0
ponyrincon,92,0,0
Pedr0Monteir0,25,0,0
StasM2012,29,0,0
sou_nc,70,0,0
Mujtaba7979,321,0,0
tkfour1980,72,0,0
Mikola_Smerichinskiy,137,0,0
Bicycle_day,16,0,0
Ferdi_97,25,0,0
Jucraft363,38,0,0
Branko2254,102,0,0
VISHNUMAHYA2016,15,0,0
JSSmart,122,0,0
yucateco93,36,0,0
akpilot007,51,0,0
raulbourdier,44,0,0
Semen2024,33,0,0
Artnauta,137,0,0
ihebouni,94,0,0
Cocrackzzz,40,0,0
maumes,37,0,0
zhasulankazak777,55,0,0
aADilL,16,0,0
Ruslanramil,53,0,0
mintu44250,272,0,0
alejandrosamuel2015,23,0,0
hemamalinisai_15,64,0,0
V1rus94,43,0,0
JosepChess48,50,0,0
Illuwu,135,0,0
Brucetony,110,0,0
Achille_G,23,0,0
FabianBu,22,0,0
parthchatta,61,0,0
ajneves,20,0,0
kingtahhaa,31,0,0
AJAguinalde,27,0,0
unnayan,87,0,0
ahmed012345,165,0,0
svaniks,23,0,0
pintu111,64,0,0
chicaock,149,0,0
pleasedefeatme69,20,0,0
gugasth,57,0,0
SapphireBlue,18,0,0
Georg110,28,0,0
muntazir00,28,0,0
dharsanpm25,49,0,0
shrfhmmnh,47,0,0
Alpercan42,74,0,0
sepehrmehrab,48,0,0
Masterchess895,46,0,0
Extravalan,40,0,0
Buddhist-Monk,30,0,0
INZONZ,20,0,0
CeRoM0Ny,79,0,0
JonoBKD_PCTR,57,0,0
farkhosh,18,0,0
Festival888,90,0,0
Heran22,103,0,0
ErolErdem23,319,0,0
RichterBelmont,33,0,0
Alexander_Lavrov_89,66,0,0
Dabrava,16,0,0
mckady,175,0,0
joelchess,22,0,0
scorp10n88,20,0,0
stuartneil23,19,0,0
jomzyyy,49,0,0
UcycXpuctoc,23,0,0
silunachess,51,0,0
Gonperbal,69,0,0
FITPresenter,272,0,0
Dezert91,63,0,0
go_VEGAN_go,44,0,0
mahdis_ab,37,0,0
calpatterson,50,0,0
satindermishra,25,0,0
Danvin_Sairam,50,0,0
koba_85,201,0,0
ZigoZago17,28,0,0
Frost-TECA,37,0,0
arefsalta5353,17,0,0
AfiqAznor,49,0,0
javillochess,131,0,0
issaa1971,39,0,0
adhamgh,16,0,0
erZito,340,0,0
miki5799,30,0,0
ahmetdogan45,95,0,0
StarWars2012,19,0,0
marcosruim,16,0,0
Rickus,23,0,0
CPU-LVL1,100,0,0
Andrey_2014,26,0,0
sensei1shylla,69,0,0
rox4d,18,0,0
nexus03,47,0,0
kis3569,43,0,0
setayeshshakeri,104,0,0
Emir_ars,19,0,0
chess13025,24,0,0
sjofre,40,0,0
Refael1965,327,0,0
vikramrf,151,0,0
Phoenix-Y,28,0,0
ernestoagomez,15,0,0
woowoowoowoo,24,0,0
ChessMasterEtAl,83,0,0
Muneeswarichess,57,0,0
Ganbold10,237,0,0
Vova1981,64,0,0
SARDOS,42,0,0
TomyRi,59,0,0
Fusachess,20,0,0
sofeanayla,52,0,0
GabrielUrquijo,16,0,0
Forni103,26,0,0
ValterGanab2,24,0,0
dhrubaroy11,153,0,0
steff_vorster,25,0,0
Kraad2,42,0,0
FianchettoRook,41,0,0
MusBarman,127,0,0
SrikanthRam29,140,0,0
Azik7mov,40,0,0
govislost,63,0,0
kumarraja,46,0,0
dmvkab,118,0,0
gogi06,28,0,0
Fraenir,47,0,0
Hubertas31,24,0,0
qazwsr25,194,0,0
Islam050556,81,0,0
behnam678,25,0,0
sammy_hp,17,0,0
CesarRaul,69,0,0
BKBERKBABA,210,0,0
mohamedahmedabouzeid,79,0,0
usern_me,132,0,0
Asmaha,22,0,0
Carlsen_Amjad_Ahmad,17,0,0
Dracomedis,47,0,0
Apbert,26,0,0
kazak2121,315,0,0
martfu,15,0,0
DokenTz,34,0,0
lightning_vj,90,0,0
Mikl_10,114,0,0
Jangid97,43,0,0
nikolaki77,111,0,0
MISADADU1982,97,0,0
viatcheslav1111,61,0,0
Li-Tao,27,0,0
metin51,218,0,0
eshwarjadhav17,179,0,0
samir128,19,0,0
LebuhrayaMex,83,0,0
Sskraus,149,0,0
ahmednabil93,44,0,0
Brilliantmovechess,18,0,0
Hillarysky,195,0,0
DamDoodam,20,0,0
Olga_Shum,23,0,0
BukiBee,106,0,0
Herrmann_Engel,34,0,0
milanstol,405,0,0
Sghausi,310,0,0
Keshaqaz,243,0,0
KHISHGEEBNOO,36,0,0
Evgen2809,91,0,0
radhityahanun,60,0,0
mohamed_Ghaly7,27,0,0
SirLahcen,25,0,0
sansmurza,105,0,0
MaximeLatraye,97,0,0
Buttkiss,150,0,0
Azamateshim,144,0,0
Eys-Man,22,0,0
odotard,18,0,0
MARK232011,56,0,0
modest123,273,0,0
Liches_Fuflo,26,0,0
a7medwa7beehl,17,0,0
settingup56,47,0,0
ruben_1988,114,0,0
Dob131,100,0,0
kkour,189,0,0
aNOOBhavishere,19,0,0
thecrea,24,0,0
MeydinBayBucu,80,0,0
ymamca,35,0,0
Basilbrush308,120,0,0
Mindkire,176,0,0
Crushmaster88,19,0,0
Happy_Chess9999,63,0,0
afshin1224,440,0,0
myouou,67,0,0
puccelludascugliera,98,0,0
panikoskonstantinou,180,0,0
cocun2009,15,0,0
didspkillerr,103,0,0
Sorockyn,44,0,0
MostafaZaian,50,0,0
Emir171615,29,0,0
yigit_kerem_bas,109,0,0
JacobsBlades,22,0,0
EAFH,33,0,0
DanetRuss,84,0,0
AlexKidd4,58,0,0
nguoidanhcaptimemD,66,0,0
smily99,317,0,0
vitalii73,79,0,0
YusufCaglayan62,230,0,0
dayoshalom123,38,0,0
GGbuorsa,38,0,0
RLK_1500,391,0,0
Accrow,21,0,0
ujjwalkn,73,0,0
Fateh0515,48,0,0
wolverineking,17,0,0
SEBISEB51,56,0,0
dragon12345p,25,0,0
Cheenies,174,0,0
Dileba,35,0,0
tamaz2021,144,0,0
Radekk_7,17,0,0
SehabS,284,0,0
saeedvahdani75,16,0,0
Devorak88,42,0,0
Harumphh,35,0,0
Jens_1702,26,0,0
BryceLanglotz,26,0,0
AndreRed,27,0,0
chessingmaster2014,25,0,0
Mikhailov_O52,218,0,0
roselipool,24,0,0
VorobevEI,59,0,0
DavidT,36,0,0
reza0907,31,0,0
mvidyuth,44,0,0
Ata1202,15,0,0
SS-XXX,27,0,0
jetiolive,19,0,0
TBKA,86,0,0
manelmm,46,0,0
Gevin2001,25,0,0
Katushavoronkova,30,0,0
fit19,17,0,0
Alex11a,55,0,0
VadymEvgenievich,88,0,0
Ch_tatiana,52,0,0
klerfe,143,0,0
maxeco,378,0,0
kis111,51,0,0
viva-christo-rey,114,0,0
mohammadkhyrw,278,0,0
Mojtababodaghi,181,0,0
MykolaMironenko,37,0,0
Elsanto807,75,0,0
thc9999999999999kush,65,0,0
shiro-kuro,116,0,0
dadytntn,42,0,0
paiser10,41,0,0
Patrickcadeirante,174,0,0
Captain177,107,0,0
seiranzver,57,0,0
yousefnabel578,15,0,0
nagee,61,0,0
Kaalabdel,75,0,0
atencion_a_clientes,74,0,0
aslan_107,56,0,0
Movimentos,191,0,0
gunta19,130,0,0
sergeynikolaevich,49,0,0
omer4877,58,0,0
clOuOb,34,0,0
Magnus_Carlsen57,32,0,0
swifteralexc,33,0,0
mrpresident91,192,0,0
oleksandrbabarika,406,0,0
Faynos,213,0,0
Weidehoff,24,0,0
tawfiqa324,84,0,0
tomandjerry2212,19,0,0
K_zahide5,85,0,0
smada,16,0,0
Gantugt,20,0,0
ayanokoji028,69,0,0
vortirer,23,0,0
Beratergin,68,0,0
BruceChessWeirdo,56,0,0
salar70,65,0,0
rottbitze,130,0,0
Gianflap,72,0,0
M_mohsen,61,0,0
Moyou86,149,0,0
majid6908,343,0,0
amirsalehsarmadi,48,0,0
Loneachi,22,0,0
evdias,77,0,0
tanurri,18,0,0
zhaklin20,60,0,0
cocoman1,157,0,0
vvpopkov68,157,0,0
Ivi_01,50,0,0
ArtemRiabyj1612,17,0,0
ByProblem,243,0,0
banscheeohara,243,0,0
axixa,74,0,0
skonari58,89,0,0
cim-cima,312,0,0
Alexandr8982317,52,0,0
duzovski,47,0,0
llsaltyll,43,0,0
harimenang,88,0,0
tatoall,37,0,0
Rodya_Bounty,55,0,0
Lesha-13,20,0,0
the_hardy_king,340,0,0
bean1eCat,15,0,0
Yousefrezaei,65,0,0
CHESSKINGRATAN,40,0,0
DBatorB,145,0,0
Brainbug,139,0,0
Goalkeeper59RU,16,0,0
Justifoso,23,0,0
G3rald_2009,18,0,0
Dark_MACH12,30,0,0
Flanoflani,186,0,0
Jonathan-PlaysChess,32,0,0
DocOdiljon_17,49,0,0
Shaikh3101,74,0,0
KhushalM2013,18,0,0
rosinini,26,0,0
sonic980,15,0,0
goio96,119,0,0
Albert_Bortsov,50,0,0
Ivan_Kozynets,31,0,0
ADOLFgaroce,24,0,0
Lemiel_Kusanagi,36,0,0
niyazikamandar2013,18,0,0
stodz92,76,0,0
thomas550,30,0,0
Alanwal,20,0,0
ridvanyerli,71,0,0
abba334,91,0,0
diegojampa,21,0,0
bull-hodler,136,0,0
amir_gilanpour,45,0,0
xytros,61,0,0
derSchweitzer,18,0,0
kikedorsa,211,0,0
MOHABCOCO,36,0,0
superzonichero2015,44,0,0
schiappablanca,51,0,0
mikaelqu,185,0,0
Vladimir_Belih,199,0,0
MewTwo6446,38,0,0
Hebrey,98,0,0
zaferklc75,220,0,0
Enkhbaatarchee,23,0,0
Aboushousha,40,0,0
Evgenix1999,101,0,0
Saimondo87,29,0,0
papuaska234,413,0,0
stolniy,49,0,0
Eyuphankorkmaz,122,0,0
jinx93,92,0,0
andrearaimondi,492,0,0
Aherna,20,0,0
Peteravi07,67,0,0
lou150305,147,0,0
Lorysor,26,0,0
JGDeveloper,53,0,0
imadsaa,29,0,0
ExeNTcoM,17,0,0
mmghaffari,115,0,0
Filatov_Sergey,78,0,0
pikulina123,491,0,0
benroa,42,0,0
Devika_Satheesh_2010,133,0,0
schattenrabe,34,0,0
Braunstrowman,35,0,0
AIvan44,542,0,0
Egor17092013,19,0,0
navidygt,35,0,0
abdullahelshabrawy,302,0,0
Gianlu29,97,0,0
PJKRYS,28,0,0
DennisBandy,169,0,0
Alcantara1997,115,0,0
awan01,257,0,0
atek_belaid,17,0,0
pansen-chess,27,0,0
Noobplayer110,38,0,0
tatavrn,170,0,0
gamblermiko,29,0,0
x7e8avkl,26,0,0
Abdo_bou01,17,0,0
Gulsara13,45,0,0
ISLAM0143,41,0,0
Ben_41,70,0,0
dnadk1,460,0,0
EvaMarina777,30,0,0
unforgive,37,0,0
GamalAlbaqwrey,169,0,0
LebogangMaluka,84,0,0
chuckymm,100,0,0
Cloud434,17,0,0
OliviaP7,26,0,0
Faraggadallah,76,0,0
raghavsk2011,16,0,0
janorena1977,19,0,0
NotRachokTM,108,0,0
Sucult,56,0,0
SurajNair99,23,0,0
omerozdemirr,57,0,0
ali-27,176,0,0
markalanhohepa,136,0,0
BCLarry,68,0,0
kblanco0910,322,0,0
Waldiben,51,0,0
sergiogarridoarr,29,0,0
fiaa00,25,0,0
bastonati,103,0,0
vatsallila,71,0,0
sam1972,35,0,0
Earl_rinku,24,0,0
PinchFlambe,39,0,0
himalayanBoi,20,0,0
dodgy83,107,0,0
DavidGutsaev,32,0,0
ahmadyahia123,86,0,0
tatsumakifan,21,0,0
isaacp1,133,0,0
Yeshin,17,0,0
mrsabeti,32,0,0
joseranz,16,0,0
suryatej12,19,0,0
BPointe,16,0,0
Benlevif,81,0,0
avangard55,32,0,0
youarenotthefather,134,0,0
grandmastermubrook,26,0,0
alijalili1,44,0,0
schlupps1965,15,0,0
bingelbongl,23,0,0
Drali7743,118,0,0
TimurDzh,30,0,0
Hasas,16,0,0
kc_05,50,0,0
koszal,64,0,0
FedorOrKons,69,0,0
jjezekkarel,221,0,0
Ahmadtefatefa,99,0,0
viada,30,0,0
kavasgir,280,0,0
arsenalfanrichi,89,0,0
Tempesta2,24,0,0
moskvorechie,141,0,0
Bary01,108,0,0
BoomD2019,16,0,0
bafifai,18,0,0
cadesnyder256,45,0,0
mrev0lt,65,0,0
lllhcIhHcjHisihnkukj,45,0,0
tleccy123,43,0,0
cadiron,222,0,0
zdco,18,0,0
sinanerdem,22,0,0
ziirin,24,0,0
f0g2200,28,0,0
Advik_ugrani,17,0,0
mujeebvlpd7,73,0,0
itsmohit,88,0,0
venommonev,55,0,0
sososch,237,0,0
Osoflores,46,0,0
Saxless_Marriage,31,0,0
kianjotsingh,32,0,0
David4096,25,0,0
samaelh,25,0,0
Zerocool007,18,0,0
ILLuhano,18,0,0
Medo123_4,24,0,0
iong11,76,0,0
SashaKuz2015,27,0,0
chessgenio,24,0,0
P3Partner,98,0,0
Mwango1,34,0,0
noah9989,174,0,0
TIM_Zhur,22,0,0
i2zec,34,0,0
Source777,20,0,0
SchachKoenig12,24,0,0
ScotchWhisky,60,0,0
amigowstooncano,191,0,0
leventtr,26,0,0
ahmedshaalan,38,0,0
Arzuko,261,0,0
Lewis-Alsop,18,0,0
rezmed2023,59,0,0
demis1975,25,0,0
s25iw,19,0,0
steverineesh,68,0,0
Faraon2k77,45,0,0
salutaris,35,0,0
Zackyi,63,0,0
Phucnguyen1,49,0,0
ulkiora_tar,104,0,0
Bachelster,18,0,0
rc2022,22,0,0
nsnliliya,63,0,0
CihangirYelegen34,26,0,0
McPolo,39,0,0
Akataner,37,0,0
DontBlunders,49,0,0
zzfrancesco,34,0,0
Sadjar,97,0,0
drummerj_v,78,0,0
smauge44,66,0,0
badbunymusiclegend,21,0,0
dr_who_is_ivanov,98,0,0
tarak95,72,0,0
intellotto,130,0,0
arie581,181,0,0
rubio0,163,0,0
kareemoz963,75,0,0
mellenium,45,0,0
praverz,18,0,0
Saadtop,134,0,0
userHV,81,0,0
Danesch74,54,0,0
Hans-Thorben,24,0,0
kayhobee,22,0,0
yilmaztzn,32,0,0
tobtob999,22,0,0
Wes1359,26,0,0
JESSEISBEST,41,0,0
pokiam1,34,0,0
Cboy3000,282,0,0
zhanksalam,261,0,0
nhadam99,57,0,0
thunfischthunfisch,18,0,0
Dscherbinin,21,0,0
Burisvrob,41,0,0
ViganB,34,0,0
silvester2,83,0,0
Tsatsu,93,0,0
slater107,128,0,0
JamesMc03,23,0,0
AhmadAlsousou20,64,0,0
King-Tony_3600,16,0,0
messi260113,18,0,0
Reddypavanagraharam,128,0,0
alexa_2016,19,0,0
Hannes_AUT,15,0,0
mostafajafarizaveh,20,0,0
larryjoelane,22,0,0
mage_14,41,0,0
thepurpleprinceb,76,0,0
raphalOne,30,0,0
KireenkoAM,454,0,0
Elie13700,29,0,0
Pashaajaaa,50,0,0
Lenghia2013shbn,18,0,0
Sigggggi,59,0,0
victor1941,269,0,0
moalabb,33,0,0
Aman_39,24,0,0
Taher_mohamed833,53,0,0
skifcha,82,0,0
Kalian8080,19,0,0
Projectmayhem87,54,0,0
baabaar,112,0,0
Cacholo2015,85,0,0
segunoku,17,0,0
Akim2014,45,0,0
Mikebike,131,0,0
Valeriiy_61,79,0,0
a1s2d3681,17,0,0
Smokkake,16,0,0
Josiannesirois,116,0,0
sovkhan,105,0,0
Vladoid,28,0,0
aminking010,15,0,0
newMASTERb,78,0,0
msunu7,54,0,0
Laith_TheHall,150,0,0
moroajedrez,183,0,0
hamid_yar,66,0,0
fromfil,294,0,0
amikysplato,79,0,0
LobsterBrain,220,0,0
AnibalGarc,38,0,0
DUALxCANNONx,19,0,0
silanganlangmalakas,29,0,0
YoussefMekhimer,35,0,0
Exitoshow,73,0,0
OV_Ru,15,0,0
Jimhurkie,40,0,0
MaximB1985,15,0,0
soflap12,19,0,0
ahoora_02,431,0,0
Edubegginer,76,0,0
yanychar7,82,0,0
mada_abdo2005,20,0,0
ValyT,67,0,0
thamer001,49,0,0
vlnc,108,0,0
Nekit_Ch,34,0,0
Prija,25,0,0
EmilyTsosane,81,0,0
daniil_borisov,46,0,0
Gauselmann,24,0,0
Milad1375,20,0,0
Cinar_07,32,0,0
frenchid83,44,0,0
AlexalexAl,15,0,0
szachistazadwa300PL,35,0,0
Raul7999,147,0,0
DAMINI_PATEL,42,0,0
AbdiMaulana2701,251,0,0
kadar-Ahmed,20,0,0
s1xty6ne,28,0,0
GnomikG,15,0,0
Ribot-29,16,0,0
chesslove11111,21,0,0
LEOVIXILGO,71,0,0
sitraka90,49,0,0
GokBal_02,55,0,0
FinDog33,162,0,0
chesssplayer1,46,0,0
Vivi92,41,0,0
Abaddon_13,285,0,0
relaxredfox,19,0,0
Sidorovvich,97,0,0
DeeWelle,186,0,0
aadityanepal,52,0,0
Vazgen9207,18,0,0
Katande,25,0,0
mehrdadabasian,52,0,0
jonny_viareggio,167,0,0
sapience1,71,0,0
TimmZy,30,0,0
Noorgul,180,0,0
kingboychess2013,104,0,0
ichbindascha,118,0,0
Deyaamasri,16,0,0
OscarGotIt,18,0,0
vMETO,21,0,0
AhmedFromIraq,18,0,0
edumorant,32,0,0
oceanhuang,39,0,0
sashaki007,22,0,0
carlosaugusto01,67,0,0
Kroz_sahovsku_igru,78,0,0
NyaukeIndustries,58,0,0
Vanela999rus,21,0,0
OiYo,72,0,0
romankozak333,41,0,0
tpthatfb420,56,0,0
thinkabove,15,0,0
ysergent,37,0,0
juanxopo,22,0,0
karimsam,28,0,0
revizor22,190,0,0
Marcomarx1980,209,0,0
Reker27,15,0,0
Neobhodimost,15,0,0
Hoefnagles,20,0,0
studentchesss,126,0,0
JW415,25,0,0
rg02fox,18,0,0
khairou-1,26,0,0
your-royal-machessty,64,0,0
Sembruang470,32,0,0
KamalXkurd,37,0,0
stonedmowgli,36,0,0
SiavaMan,71,0,0
Aurvanas,161,0,0
Raudhra,83,0,0
sumesh321,71,0,0
stageosu,26,0,0
Gian_fran_co,24,0,0
Apple15,26,0,0
ellen-cempaka,15,0,0
shauryakyal,43,0,0
OldTimes22,24,0,0
ferlahozseg,168,0,0
smileman556,23,0,0
CheckMate666,84,0,0
muhsinozer0,17,0,0
LaGarennECHEC,73,0,0
Tathagata1109,70,0,0
alopezm,32,0,0
hossein7577,81,0,0
davidecorea,15,0,0
Bhaswin,18,0,0
si_on_ist,17,0,0
Mrshadows13,273,0,0
lazcatluc,15,0,0
mohamedmedhatt,449,0,0
Salihkollaruthodi,193,0,0
Hoangrunslow121,138,0,0
Hammilton1,47,0,0
rcklobstr,248,0,0
menateanying,78,0,0
tulpar26,23,0,0
taskecsgo,23,0,0
idlaspotech,20,0,0
MostaphaHasan,59,0,0
Zrvcxyxct,20,0,0
Nedski,247,0,0
oykuyaren,17,0,0
carminecaporale,121,0,0
tadani,88,0,0
toprak11112,23,0,0
schamar75,15,0,0
Leoboii,39,0,0
Samsan23,25,0,0
Vl2022,19,0,0
vladixks,32,0,0
Gedawyy,16,0,0
ChessNoy,48,0,0
DovgalEvgeniy,23,0,0
M_Madhu,70,0,0
midolove1001,124,0,0
chesswilliam,85,0,0
Reyflash,33,0,0
hamza_49,63,0,0
JAOKO,203,0,0
tingol88,18,0,0
lanzafame15,15,0,0
xadrezinho2007,24,0,0
zakarialazrak,50,0,0
KNiGhtmaRe73,17,0,0
Ale_AbascoGm,58,0,0
kingstudent1,22,0,0
Lohith263,75,0,0
charpentier_twitch,73,0,0
tsetsegmaa,68,0,0
yuggen,96,0,0
timur_10,62,0,0
marcija,119,0,0
Aarya0327,132,0,0
sanidhyaraos,18,0,0
katiachess,182,0,0
P1118099250,98,0,0
Sandhan69,32,0,0
Carleau,146,0,0
sshanthi,19,0,0
bananakoala,20,0,0
Sicilian_offense,41,0,0
Afayadizu,278,0,0
itzfine,66,0,0
the7hunter,296,0,0
apollo017,258,0,0
Shevin435793,27,0,0
titalasordita,263,0,0
Sujay2914,15,0,0
nhjoc6,15,0,0
storm_king_storm,25,0,0
mahdidamad,154,0,0
PierlucaLillo,74,0,0
Ha16031991,22,0,0
marut1,28,0,0
Jnasky,51,0,0
L_Kirill,15,0,0
IvanDrokin,20,0,0
Cikitito,187,0,0
tafedorov,172,0,0
Ampmgm,36,0,0
fenix20025282,15,0,0
Juleon5456,102,0,0
Bob_aka_bob,106,0,0
novichok2018rus,58,0,0
rapanui3330333,35,0,0
Devarpiran,77,0,0
Mutigerherr,97,0,0
xo4y_3anky_u3_anume,15,0,0
charloulilou,85,0,0
Georgeusov,94,0,0
apshenichnyi,30,0,0
SethuliDi2017,25,0,0
Akram_M10,17,0,0
Abder1,60,0,0
Lili20232023,47,0,0
khiangte,81,0,0
artgrey,220,0,0
WhyNotZoidbergGeeM,115,0,0
pooja6969,47,0,0
Samsungich,24,0,0
tharann,16,0,0
Mikhail_Rafaelevich1,76,0,0
khoi-khue,60,0,0
DDaredevil,85,0,0
mehrab786,21,0,0
Den4ik0101,119,0,0
Srent,45,0,0
Sanya_Mikhailov,93,0,0
ruschesser,30,0,0
ZokirovP,19,0,0
BRAHMA-SCHOPE,50,0,0
Vladimir_Murashko,121,0,0
syedrtfykgjkl,19,0,0
speedystar1,21,0,0
s1895582,42,0,0
PepsiMatt1,304,0,0
Ahmet344161,30,0,0
Vadym66,16,0,0
velvety,123,0,0
saltaibol,24,0,0
buva,226,0,0
vit_26rus,31,0,0
R_J_R07,204,0,0
SHIRSHADEEP,16,0,0
Marsel6,415,0,0
wojtek_1,19,0,0
omer-omer,79,0,0
thdames21,223,0,0
Farrokhseresht,489,0,0
Landler,16,0,0
touraj_radman,112,0,0
shloktapadia2014,31,0,0
Kotsalis,163,0,0
debris77,124,0,0
dnmalty,19,0,0
kingpoker,19,0,0
warriortaha,26,0,0
Mikesmith17,326,0,0
Freador,17,0,0
caerus-stark,122,0,0
Gleb260114,24,0,0
Cameron_Mc,127,0,0
v9600758153,93,0,0
sea040,169,0,0
Philidor_177,92,0,0
Girmacea,46,0,0
yousefalshalami,42,0,0
boris800,115,0,0
arielmillancordero,95,0,0
smoothoperator97,18,0,0
Mislav0259,170,0,0
vishagan_r,79,0,0
joellepalmec,539,0,0
sohail_khan,24,0,0
Gasimoff22,112,0,0
hackerman2009,95,0,0
vmalonso,50,0,0
sAzRaEL,39,0,0
SabaBiH,23,0,0
joegy,44,0,0
DragonHeavenChess,19,0,0
MrPaname,30,0,0
violetvaluedpawn,25,0,0
i_love_dulsberg,63,0,0
RogueWarrior,47,0,0
CoachAshe,46,0,0
CSindric1950,150,0,0
Jassi319,194,0,0
mvgaurishankar12,36,0,0
Merowinger08,99,0,0
iyadothman,51,0,0
Koffa,61,0,0
desastreG,32,0,0
Osama_Mohamed1,75,0,0
seaniboy,19,0,0
L4V0DN4S,54,0,0
Aidar2018,39,0,0
siva000,143,0,0
favila91,30,0,0
FirefoxEnCroissant,17,0,0
vaclavius,59,0,0
Mraj02088,365,0,0
seb87,24,0,0
gsa138,31,0,0
valerij_vast,17,0,0
Eleme,19,0,0
Sudeep280182,152,0,0
theitalianvicar,45,0,0
mehmet1453n,20,0,0
blue_cube,101,0,0
orbit2468,42,0,0
vanillaninja,58,0,0
sawmitlau13,176,0,0
tobi0729,35,0,0
Anurag_Tiwari_3473,28,0,0
oOFadedOo,87,0,0
vijay009,372,0,0
joey2022,19,0,0
andrei-Ivanov-05,37,0,0
ajvj123,187,0,0
marwan2013,15,0,0
said-hegazy,65,0,0
IvanBanLima,124,0,0
Chachova,23,0,0
Husanboys93,85,0,0
anselmwong,24,0,0
totticorn,23,0,0
weber09,110,0,0
CGR050,18,0,0
blufft0p,17,0,0
Gi0cat0reItalian0,18,0,0
Marslo,275,0,0
igor_vel,15,0,0
seabaddped,37,0,0
mesbailer,26,0,0
ikromow_06,70,0,0
Topchik228666,26,0,0
Ivan_AIN_1202,138,0,0
Tselmeg1127,16,0,0
viket,131,0,0
Grikis67,65,0,0
NaborH81,126,0,0
vyacheslav-82,56,0,0
djordjelukic,86,0,0
fkmlc,31,0,0
vazgenarm,20,0,0
spanxter,212,0,0
modyzamalek,43,0,0
Sikisi,33,0,0
PolishWarriorPL,20,0,0
pouliasis,73,0,0
jankobradvica1,126,0,0
Bahdag,138,0,0
gdmountainviewlobby,22,0,0
junjun3104,20,0,0
Legionari,37,0,0
afternoon_panda,28,0,0
A_Chess_Player_12,16,0,0
A_Fauzi,131,0,0
Keph,21,0,0
mda01234,25,0,0
tungnq,19,0,0
Jago239,17,0,0
ChessAathiraiyan,52,0,0
Mendrew,34,0,0
Jayslim,98,0,0
obelix86,20,0,0
Mattlz,15,0,0
Bisa777,17,0,0
legendzbest,18,0,0
queenisnotyours,35,0,0
LolDol,96,0,0
MagnusHaasen,20,0,0
rvp2022,41,0,0
LegendsReload2612,60,0,0
the_hung_king,31,0,0
NotCod1,92,0,0
Iholdnogrudge,17,0,0
BatuCu,88,0,0
Julgranen,101,0,0
Nirvaan_bagri,44,0,0
TH-Temuulen09,16,0,0
pjesmica,259,0,0
DrGonza,59,0,0
Chess_i9,162,0,0
Ayoub_Salah,34,0,0
BeefJezos,17,0,0
Perepel09,20,0,0
Inthebishis,15,0,0
slkymth,232,0,0
tranvanron2k,20,0,0
yinziao,17,0,0
Diriya123,26,0,0
Eslaaaaam,16,0,0
C2317MUC,46,0,0
Phantom-496,71,0,0
humoyunka,19,0,0
Abubakr94,51,0,0
Lev-404,26,0,0
jackaskhim,37,0,0
justinvogl,19,0,0
Charade69,31,0,0
Samirkarimov,15,0,0
gyton,353,0,0
therisingstar2014,21,0,0
plankus,73,0,0
JoeJaquez,395,0,0
hannachilassad,20,0,0
vovandor,181,0,0
bormotin84,41,0,0
ROHITTH1,162,0,0
dimon123h,53,0,0
HumaxR,18,0,0
AntonioMorados,176,0,0
PHYL032,25,0,0
Obmansc1ick_roditele,15,0,0
maliq,210,0,0
tebicab,24,0,0
JonathanKotey,46,0,0
idil32,22,0,0
HanhNhi2011LTV,16,0,0
Blazing_fire_xx,101,0,0
franciscomaia28,167,0,0
lourayda,96,0,0
Geoffrey0304,26,0,0
SanjanaN,34,0,0
I-dont-have-a-nick,28,0,0
Mehmet-akif_58,251,0,0
nicu1,52,0,0
pata1968,268,0,0
Nik_d4d5,57,0,0
Gulmurzayev_Asadbek,44,0,0
DJAqua,22,0,0
Nino32,42,0,0
Om0099,24,0,0
vmoltaemcrkonrgcechd,55,0,0
JonasCheesecake,96,0,0
umutfurkanelagoz,103,0,0
SeverusSnapeeee,23,0,0
Roman_Yai,19,0,0
michaelmango,27,0,0
aboali91,26,0,0
MaratBezruk020816,58,0,0
adikk,101,0,0
AMATERASU757,15,0,0
Reyesgrises,15,0,0
Enkhee9999,155,0,0
thebiack,36,0,0
erdem-mertol123,22,0,0
hebo09,38,0,0
Rujhaan_Taneja,40,0,0
LemkeLemke,37,0,0
sktyc,20,0,0
Binogreif,81,0,0
mahmoudatlam9,43,0,0
emadasslaia,38,0,0
shahyn94,68,0,0
sathvikdkugve,76,0,0
alexzambar,76,0,0
metrohim5812,41,0,0
Hari-Om,113,0,0
titisyogaprasetyo,54,0,0
Calaf77,43,0,0
SG-Sushant07,15,0,0
EvgenyZinoffkin,19,0,0
difano,155,0,0
bmanak,115,0,0
GrieferV2,15,0,0
vika74325,175,0,0
wastl737,30,0,0
Suleiman_Naiyl,16,0,0
Xromov,28,0,0
siyahveziryagiz,17,0,0
CuteComfyCastle,15,0,0
KantLose666,17,0,0
BUZO66,26,0,0
sevawzi10,157,0,0
SPranav1234,31,0,0
AbdelrhmanAskr,22,0,0
Umusamariya,15,0,0
ensarozdemir1283,93,0,0
GUILLERGLOR,386,0,0
mborowik,159,0,0
vg2691994,26,0,0
a11qwert,60,0,0
Bhumi_bhatia,30,0,0
AlexPalych,562,0,0
Martinchess182015,344,0,0
starol977,18,0,0
tanerkocanci,15,0,0
Strekoza44,173,0,0
DrSpaAten,18,0,0
dvldevildvl,72,0,0
F3RALmanchild,20,0,0
Envision-Aleksey,101,0,0
Anduin-Lothar,75,0,0
Mahmut_123-1,17,0,0
rudibro21,41,0,0
EscaqueNoir,544,0,0
MercenarioRojo,65,0,0
romario_2011,128,0,0
eliaslinden,21,0,0
Luca02540,149,0,0
yasaman_b,174,0,0
PetitPelerin,25,0,0
IanSherborne,46,0,0
Mastersofia,34,0,0
nandrolon-78,110,0,0
tud10s,54,0,0
hikky229,27,0,0
artik1234,132,0,0
aleksandr2818,18,0,0
Harutjunyan,15,0,0
AbidaL12,30,0,0
JonyaR,32,0,0
ocevale7,77,0,0
wasimshafiq,46,0,0
sarperbatu,24,0,0
KRITHIN0616,92,0,0
dbelenkz,55,0,0
Iliya92p,59,0,0
pavelters,35,0,0
Dee-Jix,91,0,0
MrMAI,329,0,0
fabianavt9,43,0,0
mehdi_majdian,100,0,0
witham1,52,0,0
ritheshramgopal,93,0,0
nguyenvudinhduy2017,20,0,0
Detective_on_duty,94,0,0
Fiberform,195,0,0
chiquilinenergy,28,0,0
abuasr,137,0,0
youngermanstar,21,0,0
Miron05092017,25,0,0
hesham13579,643,0,0
Varun-4_211,40,0,0
redchess656,39,0,0
bakugan-2021,102,0,0
Lii-more,55,0,0
Edybal,145,0,0
mr_sagar,98,0,0
tsangtaiorapmusic,34,0,0
lev_chistov62,135,0,0
Fankimanky,281,0,0
Konstantin-LA,142,0,0
ShadowKnight79,46,0,0
Jennei_SLCA,22,0,0
Agnibha07,34,0,0
umtonr,82,0,0
denebnfsu,32,0,0
Coreacentral1,16,0,0
Raryteth,39,0,0
nevinbasak,73,0,0
FEARSOME17,27,0,0
mysker,128,0,0
Phlemo,19,0,0
e5contreras,70,0,0
Egemen0915,90,0,0
ALDAMACHESS,16,0,0
gholamimehrdadarmya,41,0,0
soumyendu_2024,204,0,0
sharperagon,32,0,0
jonesmare,217,0,0
Genos0,53,0,0
GDGG,802,0,0
RAMAKRISHNANNAIR,21,0,0
saeedheydari1400,85,0,0
walikhan,89,0,0
YahiaHoussen2008,25,0,0
deldesousa78,50,0,0
CHADistictTushi,33,0,0
N3GR0PING0N,29,0,0
SaveliiPasuev,73,0,0
Biquette7445,28,0,0
BalerionSLCA,16,0,0
beerandfire,51,0,0
Daler1979,113,0,0
Robin0811,189,0,0
Akhil2023,18,0,0
lilblur,20,0,0
Dmitrii97,39,0,0
ayush3310,149,0,0
Hell_is_coming,48,0,0
Black_Kloyn,29,0,0
Hemanth_Chess123,27,0,0
zemcitrus,47,0,0
Spatch,16,0,0
Misiu65,276,0,0
Isaac79,61,0,0
ErnestAng01,18,0,0
Naruto_1909,23,0,0
PaulGherman,29,0,0
ispiradem72,26,0,0
roman-go,24,0,0
foDo228,41,0,0
Ilmannabil,36,0,0
AndreHebben,171,0,0
ahmedawad90,65,0,0
MOHAMEDSHADY-69,18,0,0
misterx47,187,0,0
natik1069,202,0,0
king-eye-bee,16,0,0
Sarvesh_2023,56,0,0
AbeielAndujar7mo,32,0,0
iliatavalie,25,0,0
elshwareb,26,0,0
cordiale,53,0,0
McPilz,16,0,0
harryvs1,34,0,0
ppyrao,301,0,0
oabandz,17,0,0
KazaK444,211,0,0
Lion_ih,31,0,0
tchakmate,20,0,0
xmiracle,219,0,0
gorno,70,0,0
ReAlrik,23,0,0
pierpa0lo,15,0,0
swelp,54,0,0
Orion_Nebula_M42,23,0,0
m0allan,36,0,0
Malu4226696,46,0,0
fedaet34,226,0,0
klaus909,19,0,0
Monster_fish,29,0,0
Navika_s,130,0,0
VladislavNR,225,0,0
mikhailtahal768,24,0,0
dohliy,211,0,0
yousefsadi99,96,0,0
stiser,47,0,0
EdwinVivar,30,0,0
Ilhom-Fozilov1,102,0,0
condoriux64,255,0,0
sumaspandy,16,0,0
ensemblevide5,15,0,0
Azrel_JAcob,104,0,0
virator,31,0,0
IsaacOM,28,0,0
f3dot06,44,0,0
Nosxer,17,0,0
Thinesh92,15,0,0
Sidharthan11111,56,0,0
MurugesanDEBER,373,0,0
Adelsa3d,59,0,0
Eng-bilal,165,0,0
amin_tabriz123,36,0,0
siegen01,232,0,0
Daniil_Schepin,57,0,0
Ibragim_Dolotov,69,0,0
hotpil,21,0,0
gebruikervanhetweb,51,0,0
KMC2610,124,0,0
Gnub329,47,0,0
lOOssL,16,0,0
JosepManel,70,0,0
Jaimecar007,22,0,0
jaswanth_jaswanth,40,0,0
talker13,58,0,0
GIGACHSD,75,0,0
Adriaan_Mulder,27,0,0
Escargot80,34,0,0
yasin6262,60,0,0
trikismitis13,141,0,0
ssakduk,22,0,0
AmyAngyh,110,0,0
Chevss,61,0,0
unknown_user123,18,0,0
trueobvi,64,0,0
saqilium22,41,0,0
pascalquartenoud,28,0,0
Mmmbo,270,0,0
Kraft1,170,0,0
Muzychka,52,0,0
senk0r,35,0,0
chessking_de,31,0,0
zalithy,22,0,0
mazenemara73,31,0,0
Make_123,120,0,0
MakeChessAmusing,19,0,0
binhnib,21,0,0
wladi1977,52,0,0
travis80085,36,0,0
Dholurz,67,0,0
renegade_247,39,0,0
rich_chords,16,0,0
llmehmetkrcy,18,0,0
emt323,40,0,0
Juan-naruto-2008,20,0,0
RudranshMiglani,18,0,0
fred314,122,0,0
batousai,46,0,0
StepanChess23,31,0,0
Abhijeeth,23,0,0
AlgiDanialLutfi,15,0,0
david_ninjalaul,18,0,0
kemal1964,59,0,0
BA52,25,0,0
viper278,22,0,0
rairishi,39,0,0
Tamildhesi03,23,0,0
Nikl7ancha,16,0,0
bjkartracer,25,0,0
HisAntEverMU,29,0,0
AviAgrawal2011,39,0,0
brBrasilbr,19,0,0
nnn_el,26,0,0
rubiosouza,146,0,0
radagast912,32,0,0
Ashraf99XO,56,0,0
Kingberie15,66,0,0
saurabhpandey706,123,0,0
uagain,576,0,0
Totobol,103,0,0
Jorgitopichon1,132,0,0
t-ananthasayan,15,0,0
DBK_1_AssetT,31,0,0
rudypatootie,17,0,0
Massi1410,28,0,0
rotluangpuia,54,0,0
jdhejdbsgjsxihsjdjdh,305,0,0
carol75,16,0,0
jaumerodri,15,0,0
muhammadsadique,24,0,0
scismael,37,0,0
muslim2311,19,0,0
Greyv,133,0,0
portress,19,0,0
arslan477,67,0,0
merry_chrisman,43,0,0
brsali15,17,0,0
Crazy4you,96,0,0
skharkia,40,0,0
danil_9,57,0,0
bdlpix,18,0,0
Nikitos_Gor,115,0,0
Ruben_pathan,158,0,0
Kaagenov,47,0,0
yusovsky,17,0,0
xsheko,49,0,0
novatof,36,0,0
hamburger21456,256,0,0
RedPhoenix0,20,0,0
kuzey122,133,0,0
acornaaron,17,0,0
enesaltantemiz,39,0,0
g_norrell,185,0,0
dayvid779,22,0,0
PaulinhoPoker,20,0,0
markka60,97,0,0
from_DOTA,29,0,0
sirco24,79,0,0
udaya,68,0,0
VasyaPupkin0,33,0,0
R1U2NN3E4R,24,0,0
diverbigote,22,0,0
Valyyaz,24,0,0
Benhurahmet,16,0,0
Mastermind-Oz,38,0,0
KujicGoran,56,0,0
tibi1010,62,0,0
MurugaaKing,35,0,0
srkn38,26,0,0
vsunil,108,0,0
Kawoane,22,0,0
laraboutan,308,0,0
lord_kittenbus,15,0,0
temeshova,42,0,0
Sheih_66,77,0,0
Hero0001,37,0,0
vedi7,17,0,0
LeGrindeur,132,0,0
Sonnemberg,40,0,0
Abdhry,108,0,0
Iodinehead,267,0,0
hypter,21,0,0
komodo_kmd,24,0,0
MasterRayon,27,0,0
d0minik_69,22,0,0
rcsatranchaktan,52,0,0
Chrollo_lucillfer,63,0,0
chichi9,26,0,0
sigurd204,16,0,0
Ay_aaeky34,69,0,0
Mounou,47,0,0
Faszer,247,0,0
Tutan2213,50,0,0
Defnedogabayindir,22,0,0
AbbasHajHasan707,47,0,0
sauroposeidon,256,0,0
yelhcturc,51,0,0
francois73,17,0,0
MohsenRouf,233,0,0
MiweLichtenberg8,18,0,0
Arquimedes5566,17,0,0
MaxiBoule,149,0,0
Chiller_Whale,81,0,0
Otisbaba,26,0,0
xalid2525,183,0,0
Kelechix,44,0,0
erferf,25,0,0
Grashalm,30,0,0
Siegfriedk,375,0,0
Serega_1988,124,0,0
Falkrentel,49,0,0
danshay,136,0,0
kemal914,67,0,0
ahmadmasoudsasan,71,0,0
M_Surya_Ali_Dharma,99,0,0
Der_Schaufler,20,0,0
gobo73,37,0,0
HePaMa,234,0,0
Axelzara,367,0,0
Skrr90,15,0,0
zrvcxyxct,31,0,0
AbraamyanG,15,0,0
zorangrubic,30,0,0
Dothanhuyen2011,43,0,0
Palestine-free,19,0,0
Borysovych,70,0,0
sergio-1975,56,0,0
surgutsity,24,0,0
AndreHan,124,0,0
giovannipapino,42,0,0
Aquinov,147,0,0
ss2377,155,0,0
pet_d3tective,29,0,0
arpit6620,116,0,0
xidras,31,0,0
Matte_Sbam21,139,0,0
grynienp,37,0,0
fulk00,159,0,0
eiadalibrahem,58,0,0
Iplayforfunnn,74,0,0
jordantpsk,74,0,0
sicarranza3M,15,0,0
ibo971,52,0,0
Marcakessss,99,0,0
NguyenThanhBinh2013,127,0,0
styles18,124,0,0
alfredmemorando,23,0,0
couzanozstra,50,0,0
Divinechess17,33,0,0
imatasutiki,346,0,0
Player-01,15,0,0
Akane_Kurokawa,24,0,0
t_frostbabyshark,32,0,0
jafilip13,67,0,0
MaximKomarov2012,31,0,0
Aboeldahab2004,53,0,0
jibraat,24,0,0
Jager17,419,0,0
rysiupysiu,20,0,0
jamesbondchess,21,0,0
DannySMP,34,0,0
Chess_hero1,180,0,0
luxuryenby,17,0,0
sinistermagnus11,18,0,0
Gaara99,133,0,0
Tranbaokien2014,24,0,0
Chamiru_dahamsa,22,0,0
rolez,27,0,0
ziad_dev,190,0,0
Ariasjose22,224,0,0
BTM1995,22,0,0
Jim-knopf,57,0,0
Gutso,278,0,0
vmd-chess,69,0,0
serzh33,45,0,0
zaki306,183,0,0
Leewke,184,0,0
Abhishek_Jamdar,249,0,0
az2301,23,0,0
ChessStar128,60,0,0
cher2011,191,0,0
zippyharpistkiwi,80,0,0
fourming,250,0,0
Sancho2017,81,0,0
playsforfun23,17,0,0
laprincesadeprado,63,0,0
Hari_bol,15,0,0
mausantos11,116,0,0
SirWeasel,32,0,0
Aleks_Konstantinov,53,0,0
seanoo,29,0,0
siddharth26,23,0,0
hossein_esteki,127,0,0
holocazz,107,0,0
benyamin1401,15,0,0
Ijustsnipedyourlink,22,0,0
uguzzone,94,0,0
salimpalakkal,233,0,0
tarekazizieh,22,0,0
speedy_yusufyigit,32,0,0
Mikhail19721972,49,0,0
chicken_runner,29,0,0
HardikChoudhary,22,0,0
szymonmig,21,0,0
tayoh1ka,67,0,0
vasili56,29,0,0
vahagen,29,0,0
sexy_ikone,130,0,0
matvey-RB,30,0,0
Want_shoae,49,0,0
alanwest73,16,0,0
Masonismart,15,0,0
sevenwhite,38,0,0
Lexa1988_1988,94,0,0
fokusnik96,39,0,0
gregd2001,60,0,0
e_willo,43,0,0
KaplanCop,56,0,0
foxchess91,33,0,0
sargon-2ply,60,0,0
RajuSiripuram,72,0,0
Yuberto,37,0,0
amerzaky99,16,0,0
Elomany,20,0,0
teslovkarim,20,0,0
Magesh_R1969,279,0,0
Carlsenissogood,16,0,0
svaant,37,0,0
SALMANgh,88,0,0
Sahitavenger,54,0,0
Max8898,74,0,0
exodusman,40,0,0
Mohakmax,22,0,0
Heinzchen,80,0,0
Nikolaev_Misha,18,0,0
ViktoriiaMaksymiv,16,0,0
Muho_Baba,22,0,0
abdalrhman112233,215,0,0
Kauderwels,51,0,0
slavik3555,31,0,0
hadi972,15,0,0
Kim_matikas,107,0,0
Nicklakki,36,0,0
grziby12,44,0,0
rudycarlos1969,80,0,0
enesaltan24,16,0,0
Bastien_Lekieffre,20,0,0
vladislav732,16,0,0
kaet_l,32,0,0
JaguarDeElite,28,0,0
jayocampo,19,0,0
claudiobanos,62,0,0
Darioso,19,0,0
DadoBaev,18,0,0
StonedCarlsen,17,0,0
Balansz,346,0,0
ludovicoviale,20,0,0
CapaJ,20,0,0
TFilippov,52,0,0
kenel_56,22,0,0
krikish,325,0,0
LeylaYagmur,26,0,0
tiagoborcath,145,0,0
DenisRussi,103,0,0
emirebrar,58,0,0
vhdazq,68,0,0
jhyung0853,33,0,0
kyubii1975,63,0,0
ligchting,110,0,0
t0mek,38,0,0
Ferodoxin,138,0,0
Jackezbon,248,0,0
lkkkos,20,0,0
yunusrsy,183,0,0
Jenkinskhan,460,0,0
Kretsche1983,31,0,0
islam_salah22,53,0,0
nickwhite1980,30,0,0
Lemontreuillais,23,0,0
Arhaan2211,22,0,0
SantiagoS7,18,0,0
huseyn_1111,78,0,0
Ahmedrashad50,18,0,0
Anchava_Thiago21,25,0,0
suren_mkhitaryan,28,0,0
Geesilu,15,0,0
ilir91,209,0,0
suneer,317,0,0
khaled611,43,0,0
Berimor0905,184,0,0
Mdo2206,54,0,0
JAYSobed,73,0,0
strydq,15,0,0
trucar,110,0,0
Yosri99,32,0,0
Patosy86,277,0,0
ahnsoccerboy,19,0,0
FreibaurerII,187,0,0
Autilia,149,0,0
konzolasvv,30,0,0
abdelfatahelwakeel,71,0,0
Algorithmm,38,0,0
doris66,95,0,0
TheStarGlossop,30,0,0
emilliostefanelo,39,0,0
Ahmedelsafty78,99,0,0
G-noob,107,0,0
biewl,23,0,0
elec7ricu7ed,125,0,0
timopa93,34,0,0
DOGRAVSE,33,0,0
fpardo,40,0,0
Serrad69,21,0,0
Outofthesky,28,0,0
David213115,265,0,0
Santana66,591,0,0
Gochess5,27,0,0
haakie,136,0,0
amarmore67,159,0,0
dibut562325t6,107,0,0
sameshuuga,16,0,0
GushanovMurad,58,0,0
kubaslov,37,0,0
DivanSathsara,35,0,0
sevenbraincells,31,0,0
yemre17,58,0,0
Aquarook,18,0,0
ElToroFurioso,40,0,0
vascomc,15,0,0
mrsajjad1990,34,0,0
daddyBee,193,0,0
blacksadcat,28,0,0
hungthualuontot,60,0,0
thezanzibar,49,0,0
lichklan,16,0,0
Professor_007_0,33,0,0
Gunter42,257,0,0
AbdulrahmanAttia,28,0,0
P-Costa,215,0,0
Prokofiev65,23,0,0
AniierR,15,0,0
Renos_y,66,0,0
simondimon,32,0,0
seifeer,153,0,0
Lebeux,125,0,0
hgw0811,83,0,0
Ruisaraiva,86,0,0
Karlos06,21,0,0
Ajedrez_Echague,88,0,0
Reuben_Zachary,23,0,0
hupovod,17,0,0
FeleeDeji,16,0,0
Alih8888,96,0,0
undefeatableking1,22,0,0
varunya,39,0,0
can-baran,25,0,0
Paavkaa,61,0,0
Luffy_753,148,0,0
hunimal,36,0,0
ExaltedO,15,0,0
black-kappa,101,0,0
Chukwumajp,40,0,0
Buxpiter,124,0,0
lucmac,20,0,0
german_engineer_1,30,0,0
G16AAB0914,68,0,0
JTW99,17,0,0
excardiffdocker,148,0,0
ADMIRAL33,48,0,0
pvlk,163,0,0
DragoniPlayer,74,0,0
chessplayereffy,25,0,0
Ahmad_EL_Gizawy,59,0,0
Aknur_Adilbek,22,0,0
Overloadpawn,213,0,0
beakazo,123,0,0
CapitaineD,89,0,0
viktor-17,167,0,0
portlypineapple,149,0,0
F4llen4ngel,16,0,0
Ricky-it,24,0,0
Wieczo1307,63,0,0
EvgenySMI,70,0,0
Inmortalposeidon,25,0,0
boatlife,32,0,0
tunisiannerd,30,0,0
aborajab,139,0,0
rasedikela_008,19,0,0
Ohtap,136,0,0
toserban,62,0,0
Ragab556,25,0,0
eliasi,147,0,0
varvara2010,31,0,0
joepoun,127,0,0
onurordek,154,0,0
AleXanDrA2402,48,0,0
Selim_Pst,25,0,0
Kirill05936,23,0,0
nilsbach,18,0,0
ZackBusner,87,0,0
EQGAMARRA,93,0,0
snoxolo,57,0,0
yuvchatur25,94,0,0
cuttingjibe,17,0,0
HADISTA,52,0,0
an_cello,66,0,0
Ramazanablro,20,0,0
tr3ncf,203,0,0
Msc2023,270,0,0
L-89,25,0,0
TKS-HOU-MidhunSidD,63,0,0
jaitosergio,16,0,0
HopfFibration,36,0,0
Niuniunim,40,0,0
ayanahmadova,16,0,0
gyorgy74,140,0,0
HatienDuc,17,0,0